학원지정번호,학원명,과목,학원주소,지역,나이
3463,김인수어학원,영어,광주광역시 남구 봉선로 169,남구,학생
3000014049,퍼스트뮤직음악교습소,예체능,광주광역시 광산구 단전둘레길 15,광산구,학생
3000014634,하늘을나는그림책남구점학원,기타,광주광역시 남구 효천중앙로 62,남구,학생
1000003197,한소리음악학원,예체능,광주광역시 남구 양림로 89,남구,학생
3000015084,김교영바리스타학원,기타,광주광역시 북구 하남대로 681,북구,성인
4994,광주코코예체능학원,예체능,광주광역시 서구 풍금로 171,서구,성인
1000003231,김화수음악학원,예체능,광주광역시 광산구 첨단중앙로181번길 104,광산구,학생
3000011380,톰스톤커피아카데미바리스타학원,기타,광주광역시 북구 서암대로 40,북구,성인
3000014637,이렇게고음이돼음악교습소,예체능,광주광역시 동구 중앙로 162-1,동구,학생
3000014647,윙스카이항공승무원학원,기타,광주광역시 동구 동계천로 131,동구,학생
3000013079,예체능스튜디오예체능교습소,예체능,광주광역시 북구 첨단연신로 194,북구,성인
974,맑은음음악교습소,예체능,광주광역시 광산구 송정외로 2,광산구,학생
3000010523,히든키어학원,기타,광주광역시 광산구 임방울대로 364,광산구,학생
2000003734,영화실예체능교습소,예체능,광주광역시 서구 상무대로 1059,서구,성인
3000014135,온바이올린&첼로음악교습소,예체능,광주광역시 광산구 수등로258번길 10,광산구,학생
3000013916,본본아트예체능학원,예체능,광주광역시 북구 설죽로348번길 12,북구,성인
3000014544,도담도담음악학원,예체능,광주광역시 남구 효천2로가길 5,남구,학생
1000003794,새노래음악학원,예체능,광주광역시 서구 월드컵4강로28번길 44,서구,성인
3000014740,솔트음악학원,예체능,광주광역시 북구 양일1로 50,북구,성인
3000012343,크레용예체능교습소,예체능,광주광역시 광산구 수등로123번길 21,광산구,학생
3000014997,등용예체능학원,예체능,광주광역시 동구 경양로277번길 32-1,동구,학생
3000012584,진채리첼로교습소,예체능,광주광역시 서구 풍암신흥로 36,서구,성인
1000002986,광주간호학원,기타,광주광역시 서구 무진대로 907,서구,성인
3370,이엘티(ELT)어학원,기타,광주광역시 광산구 소촌로152번길 1,광산구,학생
2000003572,아리아리음악원피아노교습소,예체능,광주광역시 광산구 송도로212번길 27,광산구,학생
3000014306,인트로댄스뮤직스튜디오학원,기타,광주광역시 동구 충장로 80-5,동구,학생
3000013771,Lalalla Music Academy(라랄라 뮤직아카데미)학원,예체능,광주광역시 동구 예술길 31-13,동구,학생
899,맑은샘음악교습소,예체능,광주광역시 북구 설죽로 600-1,북구,성인
4723,빛고을토목건축기술사학원,기타,광주광역시 서구 회재로 890,서구,성인
3000014215,그린컴퓨터아카데미광주학원,기타,광주광역시 서구 상무중앙로 44,서구,성인
3000015209,퀼트앤소잉학원,기타,광주광역시 동구 의재로 149-7,동구,학생
3000015059,연피아노교습소,예체능,광주광역시 서구 염화로57번길 1,서구,성인
339,진월베스트음악학원,예체능,광주광역시 남구 서문대로556번길 6,남구,학생
3000010214,김영경요리학원,기타,광주광역시 북구 복룡길 7,북구,성인
3000011857,웃음소리가득한풍암예체능학원,예체능,광주광역시 서구 풍암운리로 20,서구,성인
3000014771,고호예체능교습소,예체능,광주광역시 광산구 신창로71번길 16,광산구,학생
6553,피아니스트박진희뮤직아카데미음악학원,예체능,광주광역시 남구 효우로93번길 5,남구,학생
3000012404,리틀팍스어학원,영어,광주광역시 광산구 첨단중앙로 170,광산구,학생
3000011411,스완키즈발레학원,예체능,광주광역시 남구 봉선로 152,남구,학생
3000015228,라온피아노교습소,예체능,광주광역시 광산구 수등로258번길 10,광산구,학생
2500000138,진영피아노음악교습소,예체능,광주광역시 북구 동문대로121번길 83-1,북구,성인
3000012246,첨단씨앤씨(C&C)예체능학원,예체능,광주광역시 광산구 첨단중앙로 96,광산구,학생
5527,애니맥스예체능학원,예체능,광주광역시 동구 중앙로 209,동구,학생
3000015208,훈&여정댄스홀릭학원,예체능,광주광역시 북구 동운로201번길 57-3,북구,성인
1500000381,동화자동차정비기술학원,기타,광주광역시 북구 무등로 250,북구,성인
1500002759,라임음악학원,예체능,광주광역시 북구 하백로46번길 13,북구,성인
3000013528,NOAH(노아)어학원,영어,광주광역시 동구 필문대로 308,동구,학생
3000011664,윌링스예능학원,기타,광주광역시 광산구 임방울대로 603,광산구,학생
6704,신영미아코디언아카데미학원,예체능,광주광역시 서구 염화로57번길 20,서구,성인
7086,한울전산회계학원,기타,광주광역시 광산구 첨단중앙로 96,광산구,학생
3000012234,아이리더뮤직뮤즈음악학원,예체능,광주광역시 북구 문산로 81-1,북구,성인
3000012929,광산간호전문학원,기타,광주광역시 광산구 첨단중앙로 96,광산구,학생
3000013870,에덴실용음악학원,예체능,광주광역시 북구 설죽로 419,북구,성인
3000011620,롯데음악학원,예체능,광주광역시 북구 서강로54번길 22,북구,성인
7328,아이디어예체능교습소,예체능,광주광역시 서구 내방로240번길 8,서구,성인
3000014299,에이플랜(A plan)대입컨설팅학원,입시,광주광역시 남구 오방로 5,남구,학생
2500000511,J(제이)아트예체능교습소,예체능,광주광역시 북구 양일로 77-1,북구,학생
1000003830,시사남광주어학원,영어,광주광역시 남구 봉선로 62,남구,학생
6628,공감실용음악학원,예체능,광주광역시 북구 황계로55번길 12-7,북구,학생
3000010047,래플즈(Raffles)어학원,영어,광주광역시 동구 의재로 15,동구,학생
1305,예담음악학원,예체능,광주광역시 북구 필문대로 29,북구,성인
3000014490,소라스플라워학원,기타,광주광역시 광산구 풍영로228번길 31,광산구,학생
5579,플러그인실용음악학원,예체능,광주광역시 동구 중앙로 185,동구,학생
3000013868,더예종발레학원,예체능,광주광역시 서구 회재로 902,서구,성인
3000010885,첨단간호전문학원,기타,광주광역시 광산구 임방울대로 789,광산구,학생
2000003008,그림나라예체능교습소,예체능,광주광역시 광산구 어등대로665번길 26,광산구,학생
1000003708,어린화가들백일그리세원예체능학원,예체능,광주광역시 서구 화정로 103,서구,성인
6767,해성예체능학원,예체능,광주광역시 동구 남문로 690,동구,학생
3000012950,달콤예체능학원,예체능,광주광역시 광산구 임방울대로215번길 9,광산구,학생
1943,모니카피아노교습소,예체능,광주광역시 남구 서문대로 652,남구,학생
3000014720,북광주동아간호학원,기타,광주광역시 북구 양산로 49,북구,성인
3000013573,케이-안아나운서아카데미학원,기타,광주광역시 동구 중앙로196번길 31-6,동구,학생
3000015266,제이디바리스타학원,기타,광주광역시 북구 우치로 15,북구,성인
3000011203,커피바다바리스타학원,기타,광주광역시 북구 복룡길 7,북구,성인
3000010609,엠플러스뮤직피아노음악학원,예체능,광주광역시 남구 용대로 117,남구,학생
5465,탑영수전문학원,기타,광주광역시 북구 각화대로71번길 82,북구,성인
3000013553,그리니아트예체능교습소,예체능,광주광역시 서구 화개1로 45,서구,성인
4432,꿈을치는피아노교습소,예체능,광주광역시 광산구 목련로394번길 40-7,광산구,학생
6254,문장학원,기타,광주광역시 동구 동계천로 135-3 2층,동구,학생
4724,베스트예체능학원,예체능,광주광역시 광산구 신창로 64,광산구,학생
3000014384,김영주음악교습소,예체능,광주광역시 동구 동계로 38,동구,학생
3000011865,리틀다빈치예체능학원,예체능,광주광역시 광산구 풍영로329번길 19,광산구,학생
6039,노대파인아트예체능학원,예체능,광주광역시 남구 효우로93번길 11,남구,학생
3000011609,(광산)브라이튼정상어학원,영어,광주광역시 광산구 임방울대로 603,광산구,학생
1000003902,풋치니음악학원,예체능,광주광역시 서구 화개중앙로 57,서구,성인
1000003431,이진피아노실용음악학원,예체능,광주광역시 남구 봉선중앙로 105,남구,학생
3000015207,OURTANZCENTER아우어탄츠센터학원,예체능,광주광역시 광산구 임방울대로 335,광산구,학생
5716,신가예원음악학원,예체능,광주광역시 광산구 수등로 273,광산구,학생
3000015170,시너리예체능교습소,예체능,광주광역시 동구 밤실로 100,동구,학생
3000014529,별하음악학원,예체능,광주광역시 광산구 임방울대로 154-24,광산구,학생
3000013291,포르테음악학원,예체능,광주광역시 북구 양산택지소로 23,북구,성인
1478,고차이나중국어학원,영어,광주광역시 동구 중앙로 191,동구,학생
6698,You&I(유앤아이)운암어학원,영어,광주광역시 북구 북문대로 117,북구,학생
3000010177,예지음악학원,예체능,광주광역시 광산구 임방울대로 356,광산구,학생
3000011183,킴스아트예체능학원,예체능,광주광역시 서구 하남대로710번길 6,서구,성인
3000015043,유리예체능학원,예체능,광주광역시 북구 대자로 36,북구,성인
5526,정음피아노학원,예체능,광주광역시 북구 동운로 222,북구,성인
1000002857,세운예체능학원,예체능,광주광역시 서구 풍금로38번길 4-20,서구,성인
3000013365,울림피아노학원,예체능,광주광역시 북구 군왕로18번길 2,북구,성인
2637,피아스트라음악학원,예체능,광주광역시 남구 효사랑길 9,남구,학생
3000014307,아이러브피아노음악교습소,예체능,광주광역시 광산구 첨단강변로 100,광산구,학생
2831,첨단실용음악학원,예체능,광주광역시 광산구 첨단중앙로170번길 12,광산구,학생
3000011755,라루체음악학원,예체능,광주광역시 남구 방림로 19-2,남구,학생
1119,호반수음악학원,예체능,광주광역시 광산구 첨단중앙로68번길 134,광산구,학생
3000015119,그리고예체능학원,예체능,광주광역시 북구 용봉택지로13번길 17,북구,성인
6400,뉴새음실용음악학원,예체능,광주광역시 서구 화운로 310,서구,성인
3000013690,운남라온음악학원,예체능,광주광역시 광산구 목련로153번길 134,광산구,학생
1500002551,윤음악학원,예체능,광주광역시 북구 금호로40번길 9,북구,성인
3000010750,리틀베토벤음악학원,예체능,광주광역시 서구 풍암신흥로39번길 13,서구,성인
5159,제미주음악원피아노교습소,예체능,광주광역시 북구 서림로 111,북구,성인
3000014308,온리보컬아카데미학원,기타,광주광역시 광산구 임방울대로332번길 9-14,광산구,학생
6065,예쁜손아이음악교습소,예체능,광주광역시 북구 황계로 49,북구,성인
1174,김용순교습소,예체능,광주광역시 동구 서석로 26,동구,학생
3000014537,아트브리앙예체능학원,예체능,광주광역시 광산구 왕버들로 87,광산구,학생
1135,나라정보처리학원,기타,광주광역시 남구 서문대로654번길 7,남구,학생
3270,리틀뮤즈음악학원,예체능,광주광역시 광산구 신창로161번길 19,광산구,학생
3000011181,하모니음악학원,예체능,광주광역시 광산구 사암로158번길 48,광산구,학생
1500001775,이상준예체능학원,예체능,광주광역시?동구?구성로 170,동구,학생
817,하벨음악학원,예체능,광주광역시 북구 경양로 63,북구,성인
3000014003,엘리체뮤즈음악학원,예체능,광주광역시 서구 월드컵4강로197번길 9,서구,성인
3000013022,현아트예체능학원,예체능,광주광역시 북구 유림로160번길 6,북구,성인
3000010454,동림스칼라음악학원,예체능,광주광역시 서구 유림로98번길 9,서구,성인
3000010323,쇼팽예체능교습소,예체능,광주광역시 남구 노대실로 38,남구,학생
3000013326,김신플라워디자인학원,기타,광주광역시 서구 내방로251번길 10,서구,성인
3000014644,윌로우즈실용음악학원,예체능,광주광역시 남구 양림로 74,남구,학생
6137,뮤직트리음악학원,예체능,광주광역시 북구 대자실로 1,북구,성인
5308,킴스뮤직학원,예체능,광주광역시 서구 화운로175번길 5-13,서구,성인
3000013019,윤한나음악학원,예체능,광주광역시 남구 봉선로 99,남구,학생
3000013912,늘솜예체능학원,예체능,광주광역시 동구 밤실로 91,동구,학생
3000012590,주니어그린섬예체능학원,예체능,광주광역시 북구 설죽로389번길 69,북구,성인
925,세야피아노교습소,예체능,광주광역시 북구 우치로275번길 6,북구,성인
3322,신창이보영의토킹클럽학원,영어,광주광역시 광산구 신창로 105,광산구,학생
3000012447,앤디바나나예체능교습소,예체능,광주광역시 북구 일곡마을로152번길 3-2,북구,성인
1689,즐거운피아노교습소,예체능,광주광역시 북구 부남길 2-1,북구,성인
3000011991,웅진씽크빅벽산블루밍학원,기타,광주광역시 북구 황계로 34,북구,성인
3000013743,파인아트예체능교습소,예체능,광주광역시 북구 임방울대로1042번길 17,북구,성인
3000015213,코퍼스어학원,영어,광주광역시 동구 경양로 336,동구,학생
3245,더브릿지어학원,영어,광주광역시 북구 매곡로 85,북구,성인
3000011705,카르멘음악교습소,예체능,광주광역시 광산구 목련로21번길 20,광산구,학생
3000012663,루치아피아노음악교습소,예체능,광주광역시 남구 서문대로654번길 48-1,남구,학생
3000014304,와이티어학원,영어,광주광역시 광산구 하남대로 227,광산구,학생
3000015166,키키아트예체능교습소,예체능,광주광역시 북구 운암산길 48,북구,성인
3000012502,감성빚다도예전문학원,기타,광주광역시 서구 운천로 16,서구,성인
3000011473,EiE(이아이이)첨단2어학원,영어,광주광역시 북구 첨단연신로107번길 15,북구,학생
7062,우리IT컴퓨터학원,기타,광주광역시 광산구 수등로258번길 2,광산구,학생
3000011765,진월유앤아이어학원,영어,광주광역시 남구 서문대로 675,남구,학생
1728,백금비요리학원,기타,광주광역시 동구 서석로85번길 8-14,동구,학생
3000014243,남승전기기능사학원,기타,광주광역시 북구 운용로 2,북구,성인
1500002009,물빛아트예체능학원,예체능,광주광역시 동구 문화전당로 5,동구,학생
5501,신다빈치예체능학원,예체능,광주광역시 광산구 소촌로 128,광산구,학생
3000010710,아트스토리예체능교습소,예체능,광주광역시 서구 치평로 79,서구,성인
1500000639,청담아카데미외국어학원,영어,광주광역시 북구 매곡로 59,북구,성인
3000014371,더이룸학원,기타,광주광역시 서구 금호만호길 55,서구,성인
3000012369,류승식마술교습소,기타,광주광역시 남구 서문대로 691,남구,학생
1500001702,강순자전통예체능학원,예체능,광주광역시 동구 남문로 699,동구,학생
1500002539,어린음악대한울삼익원음악학원,예체능,광주광역시 북구 유림로 175,북구,성인
3000012975,한국티소믈리에교육학원,기타,광주광역시 북구 청계로 68,북구,성인
3000012446,제스트예체능학원,기타,광주광역시 북구 첨단연신로91번길 6,북구,성인
3000013473,꿈꾸는나무예체능교습소,예체능,광주광역시 북구 문산로 43-2,북구,성인
3000011666,비엔나음악·예체능학원,기타,광주광역시 광산구 풍영로145번길 98,광산구,학생
3000014734,비기닝실용예술아카데미학원,예체능,광주광역시 서구 상무대로 761,서구,성인
3000012817,그리고오리고예체능학원,예체능,광주광역시 서구 금호운천길 80-3,서구,성인
3000011270,자이예체능교습소,예체능,광주광역시 북구 임방울대로 1020,북구,성인
3000014586,파인아트예체능학원,예체능,광주광역시 남구 효천2로가길 9,남구,학생
5553,라온예체능교습소,예체능,광주광역시 서구 상무버들로 41,서구,성인
3000011719,상상놀이예체능교습소,예체능,광주광역시 동구 밤실로 154,동구,학생
3000012764,백실용음악학원,예체능,광주광역시 동구 중앙로 173,동구,학생
2796,기쁨피아노학원,예체능,광주광역시 광산구 사암로24번길 28-13,광산구,학생
1000003048,위즈음악학원,예체능,광주광역시 서구 풍금로 117,서구,성인
3000011093,자이피아노음악교습소,예체능,광주광역시 북구 임방울대로 1020,북구,성인
2000002257,예쁜소리피아노교습소,예체능,광주광역시 남구 서문대로654번길 33,남구,학생
3000012911,영재피아노교습소,예체능,광주광역시 남구 봉선로84번길 3,남구,학생
3000014143,Arte100아르떼100예체능학원,예체능,광주광역시 동구 남문로753번길 20,동구,학생
3000014430,색뭉치예체능학원,예체능,광주광역시 동구 남문로 349,동구,학생
3000012241,뮤직온실용음악학원,예체능,광주광역시 북구 설죽로 300,북구,성인
1000004489,드뷔시피아노학원,예체능,광주광역시 남구 독립로 47,남구,학생
3000015140,상상숲예체능학원,예체능,광주광역시 동구 경양로 234,동구,학생
3000014667,뮤직어드벤처음악학원,예체능,광주광역시 북구 하서로 437,북구,성인
3000013004,수완예체능학원,예체능,광주광역시 광산구 임방울대로215번길 5,광산구,학생
3000010138,포인트정석속독수완학원,기타,광주광역시 광산구 풍영로200번길 59,광산구,학생
6080,서광주리딩타운어학원,영어,광주광역시 서구 치평로 76,서구,성인
2000003203,모아제일피아노교습소,예체능,광주광역시 서구 내방로 185,서구,성인
1703,칸타빌레피아노교습소,예체능,광주광역시 북구 금녕길 56,북구,성인
3000015219,에벤에셀음악교습소,예체능,광주광역시 북구 일곡마을로 225-1,북구,성인
3187,뮤라벨음악학원,예체능,광주광역시 북구 우치로257번길 20,북구,성인
2500000284,뮤즈피아노교습소,예체능,광주광역시 북구 월동로 40,북구,성인
3000011123,뮤직스토리음악교습소,예체능,광주광역시 북구 서강로 60,북구,성인
1000004056,건설전기기계기술학원,기타,광주광역시 서구 염화로 104,서구,성인
3000014357,지니어스클럽학원,기타,광주광역시 남구 오방로 17,남구,학생
3000011373,박필강만화예체능학원,예체능,광주광역시 광산구 사암로 275,광산구,학생
3000012228,기타맨(Guitar man)기타교습소,예체능,광주광역시 광산구 임방울대로 326,광산구,학생
1000002330,로거스음악학원,예체능,광주광역시 서구 상무자유로 107,서구,성인
1500002412,차현음악학원,예체능,광주광역시 북구 대천로 124-7,북구,성인
3000014711,라엘발레학원,예체능,광주광역시 남구 봉선중앙로47번길 20,남구,학생
4345,연세뮤즈음악학원,예체능,광주광역시 북구 매곡로 95,북구,성인
3000012368,디자인스카이(sky)예체능학원,예체능,광주광역시 동구 중앙로196번길 15-18,동구,학생
3000012190,토익쉽어학원,영어,광주광역시 북구 설죽로202번길 80,북구,성인
3000012507,다와옥션경매학원,기타,광주광역시 북구 경열로 230-1,북구,성인
3000014453,오르다풍암학원,기타,광주광역시 서구 송풍로 12,서구,성인
1000003471,PRM어학원,영어,광주광역시 남구 봉선로 127,남구,학생
3000014969,엘림음악교습소,예체능,광주광역시 서구 염화로57번길 1,서구,성인
5429,예종피아노교습소,예체능,광주광역시 남구 제중로 20,남구,학생
4771,아인피아노음악학원,예체능,광주광역시 광산구 신창로131번길 10,광산구,학생
1000002668,어린음악대소리엘원음악학원,예체능,광주광역시 광산구 하남대로 248-16,광산구,학생
1500002858,두암정철어학학원,영어,광주광역시 북구 삼정로 71,북구,성인
3000014176,제이플로랄스타일링학원,기타,광주광역시 동구 제봉로110번길 17,동구,학생
3000012872,안재범작곡음악학원,예체능,광주광역시 남구 봉선중앙로 6,남구,학생
1000003909,엔터컴퓨터학원,기타,광주광역시 광산구 수등로258번길 10,광산구,학생
1500002400,담헌서예학원,예체능,광주광역시 동구 중앙로196번길 15-18,동구,학생
3000012552,오즈예체능교습소,예체능,광주광역시 남구 봉선로51번길 9-14,남구,학생
3000013322,엔젤아트예체능교습소,예체능,광주광역시 광산구 장덕로6번길 59,광산구,학생
3000011211,KM(케이엠)실용음악학원,예체능,광주광역시 동구 무등로 482,동구,학생
1163,가람I&I전산정보처리학원,기타,광주광역시 북구 경열로 217,북구,학생
3000010690,토토예체능교습소,예체능,광주광역시 동구 남문로693번길11,동구,학생
3000013689,비앤피(BnP)예체능학원,예체능,광주광역시 광산구 첨단중앙로 96,광산구,학생
1500001192,양산컴퓨터학원,기타,광주광역시 북구 연양로 36,북구,성인
3000011505,김경진음악학원,예체능,광주광역시 광산구 장덕로5번길 16,광산구,학생
3000011511,플라잉크루(flying crew)승무원학원,기타,광주광역시 동구 중앙로196번길 31-6,동구,학생
3000014673,에이엘시시(ALCC)어학원,영어,광주광역시 동구 동계천로 162,동구,학생
1500002457,문흥음악학원,예체능,광주광역시 북구 천지인로173번길 10,북구,성인
3000014934,조향학원,예체능,광주광역시 광산구 장신로147번길 6,광산구,학생
2500000588,소리모아피아노음악교습소,예체능,광주광역시 북구 우치로228번길 46,북구,성인
3000010491,시온클래스피아노교습소,예체능,광주광역시 서구 동천로 17,서구,성인
7060,수완공예학원,기타,광주광역시 광산구 하남대로 155,광산구,학생
3000014847,창의성영재교육키즈닥터학원,기타,광주광역시 서구 풍금로 171,서구,성인
3000015194,희뮤직음악교습소,예체능,광주광역시 서구 화개1로 31,서구,성인
6475,지앤비&패럴랙스광주본부직영학원,기타,광주광역시 북구 서하로 372,북구,성인
3000013818,곽준어학원,영어,광주광역시 북구 서방로 4,북구,학생
3000015179,소어댄스아카데미학원,예체능,광주광역시 북구 우치로 80,북구,성인
6771,예체능재미광주신창수완학원,기타,광주광역시 광산구 신창로 116,광산구,학생
3063,동부고시학원,입시,광주광역시 동구 예술길 31-16,동구,학생
4947,광주랜드3공인중개사전문학원,입시,광주광역시 북구 하남대로 765,북구,학생
489,광주도예학원,기타,광주광역시 남구 압촌4길 11,남구,학생
3000011553,토마토예체능학원,예체능,광주광역시 광산구 장신로50번길 27,광산구,학생
3000011146,신나는음악놀이터음악교습소,예체능,광주광역시 동구 중앙로 321,동구,학생
3000014146,쿠랑트음악교습소,예체능,광주광역시 북구 양산신촌길 3,북구,성인
3000012250,심스(Sim`S)피아노교습소,예체능,광주광역시 광산구 도산로 28,광산구,학생
3000015100,러셀코어(CORE)광주학원,기타,광주광역시 남구 봉선로 168,남구,학생
2000003089,진피아노교습소,예체능,광주광역시 남구 서문대로 668,남구,학생
3000011588,최은아피아노교습소,예체능,광주광역시 남구 회서로 22,남구,학생
3000011642,아발론교육북광주랭콘첨단2어학원,기타,광주광역시 북구 첨단연신로91번길 30,북구,성인
3000014216,원예체능학원,예체능,광주광역시 서구 풍금로177번길 9,서구,성인
3000011819,로봇인블록학원,기타,광주광역시 북구 첨단연신로107번길 15,북구,성인
6042,소리샘피아노음악학원,예체능,광주광역시 광산구 왕버들로252번길 46,광산구,학생
1000003657,정철영어쥬니어신가어학원,영어,광주광역시 광산구 신창로 8-20,광산구,학생
4846,리딩스타인터내셔널외국어학원,기타,광주광역시 남구 봉선로 146,남구,학생
4246,늘음악학원,예체능,광주광역시 광산구 신창로71번길 16,광산구,학생
7266,Yoon`s(윤스)음악학원,예체능,광주광역시 광산구 임방울대로215번길 9,광산구,학생
1500001150,굿아이컴퓨터학원,기타,광주광역시 북구 설죽로 338,북구,성인
3509,중흥소리샘피아노교습소,예체능,광주광역시 서구 풍암순환로 110,서구,성인
4527,바비스발레학원,예체능,광주광역시 서구 풍암신흥로 31,서구,성인
3000013656,원아트예체능교습소,예체능,광주광역시 광산구 풍영로330번길 34,광산구,학생
4644,조형에이맥스예체능학원,예체능,광주광역시 동구 중앙로 232,동구,학생
3538,꿈꾸는피아노음악학원,예체능,광주광역시 북구 동운로 142,북구,성인
3000014988,민성원입시전략연구소학원,입시,광주광역시 남구 봉선로 99,남구,학생
3000011444,별아트예체능교습소,예체능,광주광역시 서구 화운로 24,서구,성인
107,어린음악대예은원음악학원,예체능,광주광역시 서구 화개1로78번길 10,서구,성인
1514,예소올예체능학원,예체능,광주광역시 남구 봉선중앙로 68,남구,학생
3000014376,버클리음악학원,예체능,광주광역시 동구 용산1로 4,동구,학생
4462,플레이아트음악학원,예체능,광주광역시 서구 풍암신암로 34,서구,성인
2500000267,동우서예교습소,예체능,광주광역시 북구 서암대로 182,북구,성인
6819,YouandMe(유앤미)실용음악학원,예체능,광주광역시 북구 우치로110번길 12,북구,학생
4852,북구지산한길어학원,영어,광주광역시 북구 설죽로336번길 7,북구,성인
6264,예송음악학원,예체능,광주광역시 북구 하서로423번길 50-10,북구,성인
5547,맑음피아노음악학원,예체능,광주광역시 서구 마재로 23,서구,성인
492,하이얀예체능교습소,예체능,광주광역시 남구 광복마을4길 21-1,남구,학생
7291,예원예체능학원,예체능,광주광역시 서구 상무민주로 99-1,서구,성인
3000013992,핑거비피아노음악교습소,예체능,광주광역시 북구 일곡마을로 50-1,북구,성인
1000003110,소망음악학원,예체능,광주광역시 광산구 송정로 77,광산구,학생
3000012879,탑클래스씨앤씨예체능학원,예체능,광주광역시 북구 설죽로 319,북구,성인
3000013888,그루브(Groove)기타교습소,예체능,광주광역시 남구 봉선1로 122-1,남구,학생
912,오후의음표놀이음악교습소,예체능,광주광역시 북구 매곡로 90,북구,성인
3000011318,맑은소리음악학원,예체능,광주광역시 광산구 첨단중앙로68번길 99,광산구,학생
1000003720,운남예원피아노학원,예체능,광주광역시 광산구 목련로153번길 56,광산구,학생
6296,비엔나피아노학원,예체능,광주광역시 남구 방림로 30,남구,학생
1500000492,한국전기기술학원,기타,광주광역시 북구 무등로 174,북구,성인
7046,금호전산세무회계학원,기타,광주광역시 남구 서문대로 671,남구,학생
6486,C&C예체능학원,예체능,광주광역시 광산구 장신로 164,광산구,학생
3000012557,엔젤리스음악학원,예체능,광주광역시 남구 효덕로 291,남구,학생
5906,클라라음악교습소,예체능,광주광역시 북구 문산로 65,북구,성인
3000011352,세종음악학원,예체능,광주광역시 북구 첨단연신로 166,북구,성인
6511,진월애니스타만화학원,예체능,광주광역시 남구 서문대로 686,남구,학생
5454,백제간호전문학원,기타,광주광역시 광산구 내상로 2,광산구,학생
3000014979,메이킹로봇코딩학원,기타,광주광역시 서구 월드컵4강로28번길 43,서구,성인
1500002447,제이엠(JM)실용음악학원,예체능,광주광역시 북구 북문대로 153,북구,성인
3000014627,잇올스파르타독학관리학원,기타,광주광역시 동구 중앙로196번길 25,동구,학생
3000014372,피아트로뮤직스튜디오학원,예체능,광주광역시 남구 서문대로678번길 16,남구,학생
6488,리더스어학원,영어,광주광역시 광산구 왕버들로 113-24,광산구,학생
77,엘가음악학원,예체능,광주광역시 서구 치평로 112,서구,성인
1000002438,무등베스틴음악학원,예체능,광주광역시 남구 용대로 88,남구,학생
3000014330,어린음악대새한원음악교습소,예체능,광주광역시 광산구 풍영로170번길 39-9,광산구,학생
3000012375,비트실용음악학원,예체능,광주광역시 북구 서강로 87,북구,성인
3000014665,커스텀모델학원,예체능,광주광역시 동구 서석로85번길 1,동구,학생
6120,해피웨이간호학원,기타,광주광역시 광산구 신창로 40,광산구,학생
3000011343,케이노트(K-note)광주학원,예체능,광주광역시 광산구 임방울대로 352,광산구,학생
3000013500,리베피아노음악학원,예체능,광주광역시 서구 월산로 261,서구,성인
3000014221,윌비스고시학원,입시,광주광역시 북구 호동로 6-11,북구,성인
3000010963,일곡리틀팍스어학원,영어,광주광역시 북구 설죽로 512,북구,성인
4892,일곡비타민예체능학원,예체능,광주광역시 북구 설죽로 517,북구,성인
3908,와이입시학원,기타,광주광역시 광산구 임방울대로 342,광산구,학생
3000013217,라센다커피&티학원,예체능,광주광역시 광산구 월계로 169,광산구,학생
3000014224,필연기연출학원,기타,광주광역시 동구 동명로 4,동구,학생
3000014396,서혜정성우아카데미광주성우학원,기타,광주광역시 동구 충장로 70,동구,학생
3000012992,소리엘음악교습소,예체능,광주광역시 광산구 월곡산정로 20-49,광산구,학생
3000010912,에바음악학원,예체능,광주광역시 광산구 풍영로145번길 102,광산구,학생
5378,서구동아간호학원,기타,광주광역시 서구 운천로 5,서구,성인
5362,한스외국어학원,영어,광주광역시 서구 치평로 60,서구,성인
591,열매피아노교습소,예체능,광주광역시 북구 서강로 79-9,북구,성인
3000014846,무지개피아노학원,예체능,광주광역시 광산구 사암로 271,광산구,학생
3000011735,예가피아노학원,예체능,광주광역시 서구 금화로 39,서구,성인
4064,BAUM(바움)영수학원,기타,광주광역시 북구 양산택지로51번길 1,북구,학생
3000010968,대우한음음악교습소,예체능,광주광역시 광산구 첨단중앙로181번길 88-21,광산구,학생
3000011421,쟈스민(Jasmin)N정경성어학원,영어,광주광역시 광산구 손재로110번길 37,광산구,학생
3000012139,씨엔피아노음악학원,예체능,광주광역시 광산구 선운중앙로 52,광산구,학생
7072,백제간호쌍촌점학원,기타,광주광역시 서구 상무대로 981,서구,성인
3000013843,바른손피아노교습소,예체능,광주광역시 북구 각화대로69번길 16,북구,성인
1000003514,재능바둑학원,기타,광주광역시 서구 풍암2로 38,서구,성인
3000012873,리아뜨예체능교습소,예체능,광주광역시 서구 마재로 59,서구,성인
3000013432,금호대한논리속독학원,기타,광주광역시 서구 화개1로 59-2,서구,성인
117,신나는피아노교습소,예체능,광주광역시 남구 광복마을4길 19,남구,학생
7144,지오캐드그래픽학원,기타,광주광역시 광산구 사암로 288-1,광산구,학생
3000011117,브레인학원,기타,광주광역시 남구 회재로 1140-3,남구,학생
3000011912,두번째그림책학원,기타,광주광역시 서구 송풍로 20,서구,성인
3000011948,키라키라피아노교습소,예체능,광주광역시 남구 봉선로 35,남구,학생
1500001118,두암컴퓨터학원,기타,광주광역시 북구 삼정로120번길 33,북구,성인
3000015280,예당음악학원,예체능,광주광역시 북구 당뫼로 58,북구,성인
3000010644,파인슐레상무어학원,영어,광주광역시 서구 유덕로 6,서구,성인
5014,나투어뮤직노하우기타음악교습소,예체능,광주광역시 북구 서강로131번길 5-12,북구,성인
3000011730,트윈스음악교습소,예체능,광주광역시 서구 내방로240번길 11,서구,성인
4894,소리나라음악학원,예체능,광주광역시 북구 하서로 457,북구,성인
3630,센스어학원,영어,광주광역시 서구 상무중앙로 57,서구,성인
1000003064,세종음악학원,예체능,광주광역시 서구 금화로103번길 27,서구,성인
3000014245,하이든피아노음악교습소,예체능,광주광역시 남구 봉선로 35,남구,학생
3000012154,이새예체능학원,예체능,광주광역시 북구 서강로54번길 50,북구,성인
3000010194,제이에스실용음악학원,예체능,광주광역시 서구 내방로 185,서구,성인
2500000366,명음피아노교습소,예체능,광주광역시 동구 지산로85번길 15-10,동구,학생
3000013093,물빛예체능교습소,예체능,광주광역시 북구 서강로54번길 55,북구,성인
1000002057,에이플러스아카데미입시학원,기타,광주광역시 광산구 목련로273번길 67,광산구,학생
3000011576,신한국&서초토목건축학원,기타,광주광역시 동구 백서로 173,동구,학생
1500000447,광주요리학원,기타,광주광역시 북구 독립로 267,북구,학생
3000013032,리딩앤톡어학원,영어,광주광역시 남구 봉선중앙로 9,남구,학생
3000011552,블럭피아풍암학원,기타,광주광역시 서구 풍암중앙로 37,서구,성인
3000013219,쿠나미대입시전문학원,예체능,광주광역시 북구 북문대로 129,북구,성인
3000014609,가온예체능교습소,예체능,광주광역시 북구 북문대로159번길 25,북구,학생
6590,샵앤플랫음악학원,예체능,광주광역시 광산구 임방울대로216번길 8,광산구,학생
3000013423,선운소리나무음악학원,예체능,광주광역시 광산구 선운로 33,광산구,학생
1500000979,국제전산세무회계학원,기타,광주광역시 북구 호동로 6,북구,성인
3000014820,허브뜨레종공예학원,기타,광주광역시 동구 동계천로 126,동구,학생
1000002905,한지혜음악학원,예체능,광주광역시 서구 염화로31번길 19,서구,성인
3000014618,리틀모짜르트피아노음악교습소,예체능,광주광역시 북구 천변우로79번길 25-1,북구,성인
3227,앙팡예체능교습소,예체능,광주광역시 북구 하서로423번길 50,북구,성인
440,상록그린음악학원,예체능,광주광역시 북구 문산로 20/상록아파트 상가 201/202/203호,북구,성인
1000002768,제이와이에이치(JYH)실용음악학원,예체능,광주광역시 남구 광복마을길 43,남구,학생
3000013879,광주선진PDI(피디아이)국제어학원,기타,광주광역시 서구 화정로244번길 7,서구,성인
3000013067,와이제이폴댄스학원,예체능,광주광역시 남구 봉선로 90,남구,학생
3000010452,영어도서관아이리드(IREAD)어학원,영어,광주광역시 서구 유림로98번길 7,서구,성인
5402,북구동아간호학원,기타,광주광역시 북구 우치로 68,북구,성인
3000011290,시티간호전문학원,기타,광주광역시 남구 서문대로 655,남구,학생
3000014195,웃음소리가득한수완예체능학원,예체능,광주광역시 광산구 수완로73번길 35,광산구,학생
7264,아이예체능교습소,예체능,광주광역시 서구 발산로 34,서구,성인
4514,블루노트실용음악학원,예체능,광주광역시 서구 화개1로 81,서구,성인
3000011225,라온음악학원,예체능,광주광역시 서구 풍암신흥로 29,서구,성인
4269,도레샘음악학원,예체능,광주광역시 광산구 신창로35번길 20,광산구,학생
3000012912,생각하는예체능교습소,예체능,광주광역시 서구 풍암순환로 42,서구,성인
2000003737,으뜸피아노교습소,예체능,광주광역시 광산구 비아로 185,광산구,학생
3000013070,알파고바둑학원,기타,광주광역시 광산구 무진대로231번길 30-25,광산구,학생
2000003582,모아피아노교습소,예체능,광주광역시 서구 염화로 59,서구,성인
3000015129,광주랜드3공인중개사·손해평가사학원,입시,광주광역시 남구 서문대로812번길 4-8,남구,학생
3000015040,감성스토리레인보우뮤직음악학원,예체능,광주광역시 광산구 장신로50번길 27,광산구,학생
3000011369,명지피아노교습소,예체능,광주광역시 남구 금화로376번길 36,남구,학생
3000011802,보이스레벨실용음악학원,예체능,광주광역시 동구 충장로안길 6,동구,학생
6578,킴즈실용음악학원,예체능,광주광역시 광산구 임방울대로 310,광산구,학생
2000000942,비발디피아노교습소,예체능,광주광역시 남구 서문대로654번길 24,남구,학생
3000010764,기타는내친구음악교습소,예체능,광주광역시 서구 염화로45번길 13,서구,성인
3101,이화피아노음악학원,예체능,광주광역시 북구 서하로 125,북구,성인
3937,다인피아노교습소,예체능,광주광역시 남구 봉선로175번길 14,남구,학생
2246,푸른음피아노음악교습소,예체능,광주광역시 북구 북문대로242번길 13,북구,성인
3000013240,차이홍광주중국어학원,영어,광주광역시 서구 상무중앙로 90,서구,성인
3000014994,그린아이예체능교습소,예체능,광주광역시 남구 방림로 33,남구,학생
3000013299,플레이뮤직음악학원,예체능,광주광역시 광산구 풍영로 257,광산구,학생
4053,예가음악학원,예체능,광주광역시 북구 서하로94번길 10,북구,성인
3000014776,인공지능빅데이터학원,기타,광주광역시 동구 예술길 31-15,동구,학생
1500002590,대한기타전문학원,예체능,광주광역시 동구 중앙로 216,동구,학생
2000003733,홍익예체능교습소,예체능,광주광역시 남구 회서로22번길 13,남구,학생
5690,하이든음악학원,예체능,광주광역시 북구 하서로423번길 50,북구,성인
1500001183,태봉컴퓨터전산학원,기타,광주광역시 북구 비엔날레로 54-2,북구,성인
798,뮤즈음악학원,예체능,광주광역시 북구 설죽로389번길 71,북구,성인
3000010977,정미라피아노학원,예체능,광주광역시 광산구 어등대로647번길 32,광산구,학생
3000012771,크리아트선운점예체능교습소,예체능,광주광역시 광산구 선운로 55,광산구,학생
3000012474,아림음악학원,예체능,광주광역시 남구 백운로 79,남구,학생
7269,세운비바어학원,영어,광주광역시 서구 풍금로38번길 13,서구,성인
4562,투티피아노교습소,예체능,광주광역시 서구 화정로 87,서구,성인
3000011556,킹콩블럭학원,기타,광주광역시 북구 첨단연신로107번길 21,북구,성인
3000015104,글로벌워커스건축학원,기타,광주광역시 광산구 사암로 359,광산구,학생
3000012984,건반이야기음악교습소,예체능,광주광역시 광산구 장신로 306,광산구,학생
3000014148,에덴학원,기타,광주광역시 광산구 목련로219번길 102-24,광산구,학생
3000013616,라뮤지크(LaMusique)클래식음악전문학원,예체능,광주광역시 서구 금화로 67,서구,성인
3000015256,아트앤하트광주첨단2지구호반예체능교습소,예체능,광주광역시 북구 첨단연신로107번길 19,북구,성인
4856,i-EUN(아이은)음악학원,예체능,광주광역시 북구 양산택지로37번길 2,북구,학생
3000014817,그랜드음악학원,예체능,광주광역시 동구 경양로 234,동구,학생
1000002659,아이디어음악학원,예체능,광주광역시 서구 내방로240번길 8,서구,성인
3742,베르디움음악학원,예체능,광주광역시 남구 회재로1186번길 20,남구,학생
3000012427,한음피아노음악교습소,예체능,광주광역시 남구 효우로 332-7,남구,학생
3000011737,자영피아노음악교습소,예체능,광주광역시 북구 첨단연신로107번길 16,북구,성인
1891,김하나피아노교습소,예체능,광주광역시 남구 봉선1로 17,남구,학생
3000013044,서종규실용음악교습소,예체능,광주광역시 남구 백운로 70,남구,학생
1745,부영예쁜손피아노학원,예체능,광주광역시 광산구 첨단중앙로68번길 22,광산구,학생
3000014401,강승완수학학원,기타,광주광역시 남구 제석로80번길 54,남구,학생
3000012647,다온언어심리특수학원,기타,광주광역시 남구 효우로93번길 11,남구,학생
1000003375,호반바른손음악학원,예체능,광주광역시 광산구 송도로162번길 11-6,광산구,학생
6853,명문음악학원,예체능,광주광역시 남구 금화로482번길 10,남구,학생
1500002810,일문입시학원,기타,광주광역시 북구 상촌로31번길 12-2,북구,성인
2500000014,청담서예교습소,예체능,광주광역시 북구 호동로 86,북구,성인
7244,한국만화애니메이션전문학원,기타,광주광역시 동구 제봉로 106,동구,학생
5225,최의묵색소폰음악전문학원,예체능,광주광역시 서구 화정로 248,서구,성인
1500002524,해윤피아노음악학원,예체능,광주광역시 북구 설죽로 517,북구,성인
3000015098,국제면접스피치학원,기타,광주광역시 남구 회서로21번가길 2,남구,학생
3000013686,이안음악학원,예체능,광주광역시 북구 하서로483번길 2,북구,성인
3000012271,꿈에그린예체능교습소,예체능,광주광역시 서구 화개1로 59-2,서구,성인
3000011780,액트레인연기학원,예체능,광주광역시 동구 구성로 167,동구,학생
1500001029,킹콩컴퓨터학원,기타,광주광역시 동구 제봉로 19,동구,학생
3000010756,나투어뮤직학원,예체능,광주광역시 광산구 장신로147번길 5-18,광산구,학생
4416,토프러스어학원,영어,광주광역시 북구 비엔날레로 80,북구,성인
3000014167,아이사랑음악학원,예체능,광주광역시 동구 밤실로 100,동구,학생
6995,뮤직엘음악학원,예체능,광주광역시 북구 서강로54번길 50,북구,성인
3000010871,최선스튜디오음악교습소,예체능,광주광역시 남구 봉선중앙로 6,남구,학생
3000015041,그린나래예체능학원,예체능,광주광역시 광산구 신창로131번길 19,광산구,학생
2972,고운피아노교습소,예체능,광주광역시 남구 화산로73번길 3,남구,학생
3000013744,소년공방예체능교습소,예체능,광주광역시 광산구 장신로 136,광산구,학생
3000010966,베르디음악학원,예체능,광주광역시 광산구 수등로123번길 21,광산구,학생
3000012188,더클래식음악교습소,예체능,광주광역시 북구 첨단연신로 219,북구,성인
5820,아리아음악학원,예체능,광주광역시 광산구 목련로 41,광산구,학생
3000013710,우리어학원,영어,광주광역시 광산구 임방울대로 360-1,광산구,학생
3000013386,비스타(BESTAR)실용음악학원,예체능,광주광역시 서구 화운로193번길 36-18,서구,성인
3000014226,수완트로이바이올린음악교습소,예체능,광주광역시 광산구 임방울대로 326,광산구,학생
3000013817,현정/꽃그림예체능교습소,예체능,광주광역시 광산구 신창로161번길 19,광산구,학생
3000010492,아이아트예체능교습소,예체능,광주광역시 서구 동천로 17,서구,성인
3000014867,루나폴댄스학원,예체능,광주광역시 서구 치평로 80,서구,성인
4849,풍암케이엠음악학원,예체능,광주광역시 서구 풍암중앙로 37,서구,성인
3000013808,드로잉화실예체능교습소,예체능,광주광역시 남구 봉선중앙로 48,남구,학생
1790,이지예체능교습소,예체능,광주광역시 광산구 소촌로152번길 11,광산구,학생
3000013304,민들레진학상담교습소,입시,광주광역시 서구 운천로113번길 23,서구,성인
3000014273,모모아뜰리에예체능교습소,예체능,광주광역시 광산구 신창로35번길 29-6,광산구,학생
3000014750,오하운폴댄스학원,예체능,광주광역시 서구 상무중앙로 36,서구,성인
6029,수완뮤즈음악학원,예체능,광주광역시 광산구 풍영로 294-8,광산구,학생
785,이지예체능학원,예체능,광주광역시 북구 반룡로 33-1,북구,성인
3000012951,피아노이야기음악학원,예체능,광주광역시 서구 화운로 24,서구,성인
3000013946,라온제나음악학원,예체능,광주광역시 동구 밤실로30번길 4-3,동구,학생
3000015227,다옴커피바리스타제과제빵학원,기타,광주광역시 북구 북문대로 42,북구,성인
3000013727,예체능하는날예체능교습소,예체능,광주광역시 광산구 수등로258번길 13,광산구,학생
3000014730,지산한길초등전문어학원,영어,광주광역시 남구 봉선로 176,남구,학생
3000011559,예소음악교습소,예체능,광주광역시 광산구 우산로 47,광산구,학생
3000013770,원탑전산세무회계학원,기타,광주광역시 북구 설죽로 499,북구,성인
3670,스트링첼로교습소,예체능,광주광역시 북구 연양로67번길 10-1,북구,성인
3000013709,잡디엔에이취업컨설팅학원,기타,광주광역시 북구 우치로 128,북구,성인
3000014813,21세기음악학원,예체능,광주광역시 남구 회재로 211,남구,학생
3000014815,와이제이캐드캠디자인학원,기타,광주광역시 광산구 하남대로261번길 14,광산구,학생
3000011904,하임피아노교습소,예체능,광주광역시 남구 서문대로 790,남구,학생
3000013121,그린숲예체능학원,예체능,광주광역시 서구 유림로98번길 9,서구,성인
3000012801,라온창의사고력학원,기타,광주광역시 남구 서문대로663번길 11,남구,학생
5826,브라이튼어학원,영어,광주광역시 남구 회재로 1140-9,남구,학생
3000015154,상무항공중장비자동차운전전문학원,기타,광주광역시 서구 하남대로550번길 19-17,서구,성인
1500002653,미첼피아노음악학원,예체능,광주광역시 북구 평교로 43,북구,성인
3000012202,피아노스토리음악교습소,예체능,광주광역시 광산구 임방울대로215번길 5,광산구,학생
1500000622,한성입시학원,기타,광주광역시 북구 서방로 89,북구,성인
3000014910,칸타빌레피아노음악교습소,예체능,광주광역시 북구 설죽로 595-1,북구,성인
3000010608,케이엠(KM)클래식&실용음악학원,예체능,광주광역시 광산구 풍영로200번길 81,광산구,학생
5834,원예체능교습소,예체능,광주광역시 광산구 장덕로137번길 39,광산구,학생
1000003872,소나타음악학원,예체능,광주광역시 광산구 목련로153번길 124,광산구,학생
3000013558,푸른홍익예체능학원,예체능,광주광역시 남구 효우2로26번길 7,남구,학생
4410,풍암사운드오브뮤직음악학원,예체능,광주광역시 서구 풍암신흥로 31,서구,성인
103,벨로체클릭음악학원,예체능,광주광역시 서구 화운로193번길 25,서구,성인
3000014399,중흥피아노학원,예체능,광주광역시 남구 효천2로가길 21,남구,학생
5347,양국진스피치리더십학원,기타,광주광역시 서구 상무중앙로 96,서구,성인
3000014538,아트다예체능학원,예체능,광주광역시 광산구 풍영로200번길 49,광산구,학생
1500002472,문흥자인음악전문학원,예체능,광주광역시 북구 천지인로173번길 22,북구,성인
3000014122,위트보컬음악교습소,예체능,광주광역시 광산구 첨단중앙로 110,광산구,학생
3000012650,엘린피아노음악교습소,예체능,광주광역시 북구 첨단연신로 219,북구,성인
2000003374,뮤직에이블피아노교습소,예체능,광주광역시 남구 봉선중앙로 105,남구,학생
3000014915,크리아트첨단라인교육원예체능교습소,예체능,광주광역시 광산구 월계로 117-32,광산구,학생
5853,어린음악대수완원음악학원,예체능,광주광역시 광산구 장덕로 138,광산구,학생
1500002696,선율음악학원,예체능,광주광역시 동구 구성로204번길 26-1,동구,학생
1000002959,탑브레인음악학원,예체능,광주광역시 서구 풍암신암로 31,서구,성인
6915,수완중앙바둑교습소,기타,광주광역시 광산구 풍영로200번길 59,광산구,학생
3000011358,위드바리스타학원,기타,광주광역시 북구 서하로 454-1,북구,성인
3000013891,에스비에스(SBS)아카데미게임학원,게임,광주광역시 동구 금남로 238,동구,학생
3000013211,리키송색소폰아카데미학원,예체능,광주광역시 남구 군분로119번길 1,남구,학생
3000012946,아르떼뮤직음악학원,예체능,광주광역시 남구 봉선로 152,남구,학생
2927,광주고시학원,입시,광주광역시 동구 예술길 31-16,동구,학생
999,진유정피아노음악교습소,예체능,광주광역시 북구 문산로 7-1,북구,성인
3000015022,아리아스튜디오성악교습소,예체능,광주광역시 남구 서문대로812번길 4-8,남구,학생
3669,야베스음악학원,예체능,광주광역시 북구 청계로 43,북구,성인
7268,뮤직아트음악학원,예체능,광주광역시 광산구 월계로 191,광산구,학생
3000011597,신나는음악교습소,예체능,광주광역시 북구 삼정로 93,북구,성인
3000013944,웃음소리가득한금호예체능학원,예체능,광주광역시 서구 금화로 40,서구,성인
3000014421,샾플랫피아노학원,예체능,광주광역시 남구 제석로80번길 50-23,남구,학생
3000010342,New(뉴)예송음악학원,예체능,광주광역시 북구 양산택지소로 28,북구,학생
1500002691,바젤음악학원,예체능,광주광역시 동구 학소로 141,동구,학생
3000013741,해광음악교습소,예체능,광주광역시 서구 상무공원로 112,서구,성인
5441,가딩예체능교습소,예체능,광주광역시 서구 화개중앙로 61-1,서구,성인
1500002461,일곡숙명음악학원,예체능,광주광역시 북구 우치로537번길 10-1,북구,성인
3000014688,페어경매학원,기타,광주광역시 서구 상무민주로 111,서구,성인
3000011899,띵크띵크예체능교습소,예체능,광주광역시 서구 화개1로 75,서구,성인
3000015182,스타예체능학원,예체능,광주광역시 북구 서하로 92,북구,성인
3000014689,독일식예체능교육쿤스트학원,예체능,광주광역시 남구 효사랑길 5,남구,학생
3000014878,상무마벨예체능학원,예체능,광주광역시 서구 운천로 227,서구,성인
3000014674,더뮤즈피아노음악교습소,예체능,광주광역시 동구 육판서길 17,동구,학생
3757,광주대성아카데미학원,기타,광주광역시 동구 제봉로 92,동구,학생
4335,피카소의꿈예체능교습소,예체능,광주광역시 북구 임방울대로1041번길 6,북구,성인
3000014008,리아브레인시찌다학원,기타,광주광역시 광산구 장신로50번길 4,광산구,학생
1000001734,현대필음악학원,예체능,광주광역시 남구 회재로1186번길 30,남구,학생
3000012768,원스(once)실용음악학원,예체능,광주광역시 광산구 풍영로 255,광산구,학생
4583,봉선포인트정석속독학원,기타,광주광역시 남구 봉선로 169,남구,학생
3434,선창음악학원,예체능,광주광역시 광산구 신창로35번길 80,광산구,학생
3000015278,상생바리스타학원,기타,광주광역시 북구 우치로 118,북구,성인
3000014311,광주컴퓨터학원,기타,광주광역시 서구 화운로156번길 29,서구,성인
3000013673,나무와예체능학원,예체능,광주광역시 광산구 풍영로145번길 82,광산구,학생
3000014411,CIE(씨아이이)어학원수학학원,기타,광주광역시 남구 효천2로가길 19,남구,학생
3000013014,오르다학원,기타,광주광역시 남구 제석로80번길 54,남구,학생
3000014097,예사랑피아노음악교습소,예체능,광주광역시 남구 효우2로 38,남구,학생
3936,음악이야기음악학원,예체능,광주광역시 북구 양산로 71,북구,성인
3000012560,엘피아노스토리피아노교습소,예체능,광주광역시 남구 봉선중앙로 68,남구,학생
3000013595,늘아람예체능학원,예체능,광주광역시 북구 연제외촌길 142,북구,성인
3000010489,153피아노음악학원,예체능,광주광역시 서구 하남대로710번길 16,서구,성인
3000014059,BLOOM8블룸8학원,기타,광주광역시 남구 효사랑길 12,남구,학생
3000012572,지니액터스연기학원,연극,광주광역시 동구 제봉로 116,동구,학생
3000010135,잘그리는예체능교습소,예체능,광주광역시 북구 삼정로 82,북구,성인
3000013282,DA(다)그리다예체능교습소,예체능,광주광역시 남구 화산로31번길 5,남구,학생
3140,피아노치는아이들피아노교습소,예체능,광주광역시 서구 상무시민로 67,서구,성인
236,고려검정고시학원,검정,광주광역시 서구 무진대로 907,서구,성인
5307,해피간호전문학원,기타,광주광역시 광산구 하남대로 150,광산구,학생
2500000279,아담뮤직(ADAM MUSIC)드럼교습소,예체능,광주광역시 동구 지호로 57,동구,학생
3000010907,클라우음악학원,예체능,광주광역시 북구 북문대로8번길 18-1,북구,성인
6830,전진음악학원,예체능,광주광역시 북구 양산제로 52,북구,성인
3000014242,윌비스경찰학원,입시,광주광역시 북구 호동로 6-11,북구,성인
6811,민스아이비티어학원,영어,광주광역시 광산구 신창로 69,광산구,학생
3000012900,커넥츠공단기독학학원,입시,광주광역시 북구 우치로 150,북구,성인
3000011667,키런아트예체능교습소,예체능,광주광역시 북구 첨단연신로133번길 4,북구,성인
1500001705,그랑예체능학원,예체능,광주광역시 북구 서하로 389,북구,성인
3000010711,신창존스커피바리스타학원,기타,광주광역시 광산구 하남대로261번길 16,광산구,학생
3000014118,남구시찌다학원,기타,광주광역시 남구 효우2로26번길 25,남구,학생
3000011593,종로전기기술사학원,기타,광주광역시 북구 죽봉대로 204,북구,성인
4993,야마구치어학원,영어,광주광역시 서구 치평로 18,서구,성인
3000010391,가온대중예술아카데미학원,예체능,광주광역시 북구 서암대로 170,북구,학생
3000013218,한예종음악학원,예체능,광주광역시 북구 하서로 355,북구,성인
1500002443,은성음악학원,예체능,광주광역시 동구 밤실로 147,동구,학생
2721,코지(cozy)실용음악학원,예체능,광주광역시 남구 회서로 20-1,남구,학생
3000015203,커넥츠프랩공시관서석점학원,입시,광주광역시 동구 제봉로 92,동구,학생
3000013861,오늘그림예체능학원,예체능,광주광역시 광산구 임방울대로 154-11,광산구,학생
3000013756,선예체능학원,예체능,광주광역시 광산구 신창로 86,광산구,학생
3000014149,이소이음악교습소,예체능,광주광역시 남구 효우2로26번길 28,남구,학생
3000013415,피아노이야기입시전문학원,예체능,광주광역시 광산구 첨단중앙로68번길 60,광산구,학생
6936,울림음악학원,예체능,광주광역시 남구 진제길 18,남구,학생
1000002387,동부클래스음악학원,예체능,광주광역시 광산구 첨단중앙로 201,광산구,학생
3000013117,맑은소리피아노교습소,예체능,광주광역시 광산구 신창로131번길 10,광산구,학생
682,조이댄스연기학원,예체능,광주광역시 동구 중앙로 185,동구,학생
3000012645,상상화실예체능교습소,예체능,광주광역시 서구 화개중앙로 146,서구,성인
3000014942,셀라아카데미학원,예체능,광주광역시 광산구 목련로253번길 132,광산구,학생
1500002456,이은영음악학원,예체능,광주광역시 북구 설죽로 585,북구,성인
3000015277,빈음악학원,예체능,광주광역시 북구 서하로 104,북구,성인
5410,빛고을간호학원,기타,광주광역시 서구 상무대로 1057,서구,성인
1727,두례조리전문학원,기타,광주광역시 동구 동명로 35,동구,학생
3000012959,줄리어드실용음악교습소,예체능,광주광역시 북구 참판로 191,북구,성인
3963,예인실용음악학원,예체능,광주광역시 남구 서문대로 810-1,남구,학생
3103,외대신가외국어학원,기타,광주광역시 광산구 신창로 3,광산구,학생
1229,어린음악대모아미래원음악학원,예체능,광주광역시 동구 학소로76번길 14,동구,학생
6907,전인희음악학원,예체능,광주광역시 북구 양일로 64,북구,성인
3000010456,호반필음악학원,예체능,광주광역시 서구 유림로 88,서구,성인
6030,자이즐거운피아노학원,예체능,광주광역시 광산구 장덕로95번길 45,광산구,학생
1000003560,드림예체능학원,예체능,광주광역시 서구 풍금로 55,서구,성인
6020,리틀뮤즈피아노교습소,예체능,광주광역시 광산구 수등로123번길 75,광산구,학생
3000011610,수완그린섬예체능학원,예체능,광주광역시 광산구 장신로147번길 6-2,광산구,학생
3000014826,문화전당점라온(RAON)실용음악학원,예체능,광주광역시 동구 문화전당로 43,동구,학생
5935,비상예체능학원,예체능,광주광역시 서구 치평로 15-1,서구,성인
3000014857,소율잉글리시피아노음악학원,예체능,광주광역시 북구 서하로94번길 19,북구,성인
3000014499,ARTSPACE아트스페이스예체능학원,예체능,광주광역시 광산구 장신로 72,광산구,학생
3000014310,광주건설기술학원,기타,광주광역시 북구 자산로 89,북구,학생
1720,나산음악학원,예체능,광주광역시 북구 북문대로169번길 20,북구,성인
3000010333,쇼팽피아노학원,예체능,광주광역시 남구 노대실로 38,남구,학생
3000013671,아이팔레트예체능학원,예체능,광주광역시 서구 군분로179번길 18,서구,성인
765,광주새롬공인중개사전문학원,입시,광주광역시 서구 상무대로 961,서구,성인
7014,아델리움음악교습소,예체능,광주광역시 북구 천변우로79번길 77,북구,성인
3546,유앤미피아노교습소,예체능,광주광역시 광산구 첨단중앙로181번길 21,광산구,학생
1500002245,아트펀예체능학원,예체능,광주광역시 북구 문산로 20,북구,성인
3000013040,줄리영어클래스어학원,영어,광주광역시 북구 군왕로18번길 2,북구,성인
3000012704,맑은샘피아노교습소,예체능,광주광역시 서구 월드컵4강로128번길 10,서구,성인
3000014045,드림잡스쿨리얼학원,입시,광주광역시 광산구 남동길 11-19,광산구,학생
3000011625,띵크예체능교습소,예체능,광주광역시 광산구 목련로21번길 20,광산구,학생
1000001659,샤론피아노음악학원,예체능,광주광역시 남구 독립로54번길 8,남구,학생
3000014920,광주게임아카데미학원,기타,광주광역시 동구 금남로 170-32,동구,학생
3000013531,에이엘씨씨(ALCC)입시학원,기타,광주광역시 서구 상무중앙로 35,서구,성인
3000011239,TOM&JENNY(톰앤제니)종합학원,기타,광주광역시 북구 대천로 193,북구,학생
3000014617,엘사음악학원,예체능,광주광역시 북구 양일로 71,북구,성인
3000013501,유니언어학원,영어,광주광역시 서구 죽봉대로 68,서구,성인
3000012717,영재마이스터예체능학원,예체능,광주광역시 남구 행암도동길 16,남구,학생
3000014535,늘봄음악학원,예체능,광주광역시 동구 남문로 349,동구,학생
3000014692,한우리광주매곡독서토론논술교습소,기타,광주광역시 북구 하백로 15,북구,성인
3000013715,소리고운피아노음악교습소,예체능,광주광역시 북구 임방울대로1042번길 17,북구,성인
3000014587,한국길버트공예학원,기타,광주광역시 광산구 왕버들로251번길 16,광산구,학생
89,정다윤뮤직아카데미학원,예체능,광주광역시 남구 회재로1186번길 31,남구,학생
3000010847,CSA(씨에스에이)자동차인테리어학원,기타,광주광역시 북구 태봉로 54,북구,학생
1000003298,두드림음악학원,예체능,광주광역시 서구 풍암1로 52,서구,성인
3000013110,로네예체능교습소,예체능,광주광역시 서구 화운로 24,서구,성인
3000010436,상무중장비운전학원,기타,광주광역시 서구 하남대로550번길 19-17,서구,성인
3000011885,Primus프라이머스어학원,영어,광주광역시 광산구 왕버들로 113-13,광산구,학생
3000014079,넥스트스피치학원,기타,광주광역시 북구 중문로9번길 39,북구,성인
5609,무문서예교습소,예체능,광주광역시 북구 용주로30번길 60,북구,성인
5396,김삼임피아노교습소,예체능,광주광역시 북구 하백로 47,북구,성인
1131,리틀바흐음악학원,예체능,광주광역시 광산구 월계로 170,광산구,학생
3000011506,좋은피아노교습소,예체능,광주광역시 광산구 목련로153번길 143,광산구,학생
3000010659,킨더슐레종합학원,영어,광주광역시 광산구 장덕로 48,광산구,학생
3000014393,파인슐레어학원,영어,광주광역시 광산구 임방울대로378번길 37,광산구,학생
3000010986,멘토뮤직실용음악학원,예체능,광주광역시 광산구 월곡반월로 15,광산구,학생
3000014111,에이블음악전문학원,예체능,광주광역시 남구 효천2로가길 9,남구,학생
1000003205,고천서예학원,예체능,광주광역시 남구 봉선1로 85,남구,학생
2361,리딩스타외국어학원,영어,광주광역시 남구 봉선로 146,남구,학생
1500002695,클라라음악학원,예체능,광주광역시 북구 서강로131번길 60,북구,성인
3000013613,서구씨앤씨(C&C)예체능학원,예체능,광주광역시 서구 상무중앙로28번길 4,서구,성인
3000012383,뮤진음악학원,예체능,광주광역시 북구 연양로 32,북구,성인
5276,한미라째즈피아노음악학원,예체능,광주광역시 서구 화개1로 67,서구,성인
4604,일곡줄리아드음악학원,예체능,광주광역시 북구 일곡마을로 55,북구,성인
3000013625,뉴패션디자인학원,기타,광주광역시 남구 서문대로 773-2,남구,학생
4324,명륜음악학원,예체능,광주광역시 광산구 산월로 80,광산구,학생
470,감성예체능교습소,예체능,광주광역시 서구 내방로157번길 6,서구,성인
3000012344,클랑음악학원,예체능,광주광역시 광산구 풍영로 277,광산구,학생
353,리틀팍스어학원,기타,광주광역시 북구 동운로 210,북구,성인
3000011785,솔리스트음악교습소,예체능,광주광역시 광산구 산정로6번길 7,광산구,학생
3467,지산한길어학원,영어,광주광역시 동구 동계천로 137,동구,학생
3297,렉스어학원,영어,광주광역시 서구 상일로 40,서구,성인
3000014671,감성예체능교습소,예체능,광주광역시 동구 육판서길 17,동구,학생
3000014098,아르테뮤직아카데미학원,예체능,광주광역시 북구 문산로 65-1,북구,성인
1188,심영숙성악교습소,예체능,광주광역시 광산구 첨단중앙로 96,광산구,학생
1500002703,삼각헨델음악학원,예체능,광주광역시 북구 안산로 75,북구,성인
6333,J&B제이앤비실용음악학원,예체능,광주광역시 남구 대남대로 65,남구,학생
3000014198,퀸즈클래식샵음악교습소,예체능,광주광역시 남구 효우2로26번길 25,남구,학생
3000013978,사랑음악교습소,예체능,광주광역시 동구 밤실로30번길 8,동구,학생
1000003351,진월바둑학원,기타,광주광역시 남구 서문대로 660,남구,학생
3000010474,예가음악학원,예체능,광주광역시 서구 유림로98번길 43,서구,성인
3000014805,포인트어학원,영어,광주광역시 동구 금남로 248,동구,학생
5447,비엔나피아노교습소,예체능,광주광역시 북구 북문대로49번길 13,북구,성인
3000014116,한국반려견연합학원,기타,광주광역시 북구 호동로 13-4,북구,성인
1698,리더스음악학원,예체능,광주광역시 서구 풍암순환로109번길 16-2,서구,성인
6411,생각예체능교습소,예체능,광주광역시 남구 정율성로 7,남구,학생
1000004166,성심속셈학원,입시,광주광역시 서구 독립로185번길 26,서구,성인
3000011709,소리별피아노음악교습소,예체능,광주광역시 북구 첨단연신로133번길 4,북구,성인
3000014554,뮤직스토리학원,예체능,광주광역시 서구 화운로175번길 8,서구,성인
3000012786,힐스피아노교습소,예체능,광주광역시 서구 화운로 24,서구,성인
90,전경란예체능학원,예체능,광주광역시 서구 내방로211번길 11,서구,성인
1020,부영뮤직스토리음악교습소,예체능,광주광역시 북구 삼정로 71,북구,성인
3000013333,자연마을음악교습소,예체능,광주광역시 북구 일곡택지로53번길 40,북구,성인
5782,브레멘음악교습소,예체능,광주광역시 북구 북문대로159번길 50,북구,성인
3317,명지음악학원,예체능,광주광역시 광산구 송도로320번길 16-15,광산구,학생
3000012002,패션아트디자인학원,기타,광주광역시 동구 제봉로 70,동구,학생
3000014353,민피아노음악학원,예체능,광주광역시 서구 치평로 37,서구,성인
3000013364,아던아카데미학원,기타,광주광역시 서구 월산로 223,서구,성인
2000003652,은별예체능교습소,예체능,광주광역시 서구 화정로 96-1,서구,성인
1000004060,필음악학원,예체능,광주광역시 남구 회재로1173번길 40,남구,학생
3000013581,피아노이야기음악교습소,예체능,광주광역시 광산구 목련로21번길 20,광산구,학생
3000012428,더선우(TS)어학원,영어,광주광역시 광산구 선운로20번길 3,광산구,학생
3000013103,리프로젝트패션디자인학원,기타,광주광역시 동구 동계천로 167-1,동구,학생
3000012920,자라다남아예체능학원,예체능,광주광역시 광산구 임방울대로 338,광산구,학생
3000011702,브리콜라주예체능교습소,예체능,광주광역시 남구 용대로53번길 9,남구,학생
1000002758,어린음악대효덕새샘음악학원,예체능,광주광역시 남구 효덕로 291,남구,학생
1000003810,도레미음악학원,예체능,광주광역시 광산구 수등로258번길 13,광산구,학생
1000002704,피아노아카데미음악학원,예체능,광주광역시 남구 봉선로 138,남구,학생
3000014704,더스트링음악학원,예체능,광주광역시 남구 제석로80번길 54,남구,학생
1500002640,서영피아노학원,예체능,광주광역시 북구 평교로 42,북구,성인
3000010059,클라비어음악학원,예체능,광주광역시 북구 용봉택지로 28,북구,성인
3000010429,아발론교육광산어학원,영어,광주광역시 광산구 임방울대로 310,광산구,학생
3000010161,새솔음악학원,예체능,광주광역시 남구 효우로60번길 10,남구,학생
3000012612,아이두(I DO)플러스(Plus)연기학원,예체능,광주광역시 동구 필문대로 261,동구,학생
3000014325,햇빛피아노교습소,예체능,광주광역시 광산구 송정로30번길 38,광산구,학생
3000012994,양쓰음악교습소,예체능,광주광역시 북구 양산로 57,북구,성인
3000014640,비전컴퓨터학원,기타,광주광역시 광산구 수등로 248,광산구,학생
3000010095,김선희라온예체능학원,예체능,광주광역시 북구 설죽로 163,북구,성인
3000011359,연세간호학원,기타,광주광역시 북구 서하로 380,북구,성인
1500002427,우미음악학원,예체능,광주광역시 북구 천지인로115번길 10,북구,성인
2000003172,손영숙아트스쿨예체능교습소,예체능,광주광역시 광산구 첨단중앙로 201,광산구,학생
1000002383,호반음악학원,예체능,광주광역시 서구 상무공원로 126,서구,성인
1500002336,한국바둑학원,기타,광주광역시 북구 문산로 61,북구,성인
1500002607,멜로디(melody)음악학원,예체능,광주광역시 북구 면앙로 214-1,북구,성인
5872,북광주토피아어학원,영어,광주광역시 북구 용봉택지로 95,북구,성인
3000014166,아뜰리에예체능교습소,예체능,광주광역시 북구 본촌택지로30번길 23,북구,성인
3000014553,경우실용음악학원,예체능,광주광역시 광산구 목련로153번길 79-1,광산구,학생
3000014624,크리아트예체능교습소,예체능,광주광역시 남구 화산로 75,남구,학생
3000015090,현바이올린교습소,예체능,광주광역시 동구 무등로 374,동구,학생
1000003582,린음악학원,예체능,광주광역시 광산구 수등로 280,광산구,학생
1500002720,샤론음악학원,예체능,광주광역시 북구 일곡마을로 10,북구,성인
3000014572,참된간호전문학원,기타,광주광역시 광산구 사암로 210,광산구,학생
1000003500,예린음악학원,예체능,광주광역시 서구 마재로 67,서구,성인
3000013312,미라클발레하우스(Miracle Ballet House)학원,예체능,광주광역시 광산구 하남대로 225,광산구,학생
3000011909,피카소의꿈예체능학원,예체능,광주광역시 광산구 수등로258번길 3-19,광산구,학생
3000013810,본즈댄스보컬아카데미학원,연극,광주광역시 동구 중앙로160번길 31-12,동구,학생
1972,일곡바둑학원,기타,광주광역시 북구 일곡마을로 45,북구,성인
3000011196,바리톤킴의Allofthevoices(올오브더보이시스)음악교습소,예체능,광주광역시 북구 일곡마을로 55-1,북구,성인
3000011322,꿈꾸는스케치북예체능교습소,예체능,광주광역시 광산구 월곡산정로 20,광산구,학생
3000015089,화가가함께하는그림그리는집예체능교습소,예체능,광주광역시 북구 서하로 301,북구,성인
3000011354,티-에듀케이션센터(T-edu블럭)학원,기타,광주광역시 광산구 임방울대로 310,광산구,학생
3000012140,미드미폴댄스학원,예체능,광주광역시 광산구 장신로 136,광산구,학생
3000010282,민튼즈실용음악학원,예체능,광주광역시 광산구 장신로 134,광산구,학생
3000013411,청담음악학원,예체능,광주광역시 광산구 신창로161번길 34,광산구,학생
3000015198,이룸뷰티미용학원,기타,광주광역시 북구 북문대로 42,북구,성인
3000012748,고양이상자예체능교습소,예체능,광주광역시 서구 상무버들로 24,서구,성인
3000014460,이에스알엠(ESRM)영어학원,영어,광주광역시 동구 용산1로 12,동구,학생
879,닛시피아노교습소,예체능,광주광역시 북구 고운로 24-3,북구,성인
3000013336,Collabo Music·Dance Studio 콜라보뮤직·댄스스튜디오학원,기타,광주광역시 남구 봉선2로 81,남구,학생
3000015110,톡톡잉글리쉬영어교습소,영어,광주광역시 북구 운암산길 48,북구,성인
538,신뮤즈피아노교습소,예체능,광주광역시 광산구 임방울대로 142-11,광산구,학생
3000013942,한국건설기술전문학원,기타,광주광역시 서구 화운로 310,서구,성인
3000013186,아트팩토리예체능교습소,예체능,광주광역시 광산구 풍영로 294-23,광산구,학생
3000011968,고실용예술아카데미시내학원,기타,광주광역시 동구 충장로 67,동구,학생
3260,잉글리쉬뮤직EM이엠음악학원,예체능,광주광역시 광산구 신창로71번길 33,광산구,학생
1000002256,디딤예체능학원,예체능,광주광역시 서구 풍암중앙로 49,서구,성인
3000011168,엔젤음악학원,예체능,광주광역시 서구 내방로157번길 8,서구,성인
3000013047,씨지(CG)영재학원,기타,광주광역시 광산구 왕버들로 113-13,광산구,학생
3000014316,금호꿈꾸는피아노교습소,예체능,광주광역시 광산구 첨단과기로 91-23,광산구,학생
3000012708,그루브드럼교습소,예체능,광주광역시 남구 독립로 17,남구,학생
3000011355,뉴클라라음악학원,예체능,광주광역시 북구 첨단연신로 166,북구,성인
3000012546,유진아트예체능교습소,예체능,광주광역시 북구 첨단연신로 219,북구,성인
2000001805,뮤직클레스피아노교습소,예체능,광주광역시 남구 제중로 11,남구,학생
3125,와이비실용음악학원,예체능,광주광역시 광산구 사암로 282,광산구,학생
2010,그라찌야발레학원,예체능,광주광역시 광산구 목련로397번안길 17,광산구,학생
1997,광주IT(아이티)학원,기타,광주광역시 북구 호동로 8-10,북구,학생
1177,신전원음악교습소,예체능,광주광역시 북구 북문대로159번길 37,북구,성인
3000014625,운암제일피아노교습소,예체능,광주광역시 북구 서강로 79-16,북구,성인
1000002938,예전음악학원,예체능,광주광역시 서구 풍암2로 62,서구,성인
1500000714,박문각스파르타고시학원,입시,광주광역시 북구 우치로110번길 7,북구,성인
3000012720,호반음악학원,예체능,광주광역시 북구 첨단연신로133번길 3,북구,성인
3000013548,공감예체능교습소,예체능,광주광역시 북구 일곡택지로 50-1,북구,학생
5807,풍암케이엠실용음악학원,예체능,광주광역시 서구 풍암중앙로 37,서구,성인
3000014179,소리숲음악학원,예체능,광주광역시 남구 효천중앙로 62,남구,학생
5182,사운드홀릭실용음악학원,예체능,광주광역시 북구 비엔날레로 48,북구,성인
3000014549,그리다예체능학원,예체능,광주광역시 남구 효천중앙로 62,남구,학생
3000013374,리나음악학원,예체능,광주광역시 서구 동천로 17,서구,성인
3000013111,더클랑음악학원,예체능,광주광역시 북구 양산택지로34번길 25,북구,성인
3000011449,해밀피아노교습소,예체능,광주광역시 동구 학소로76번길 8,동구,학생
4160,그림숲예체능교습소,예체능,광주광역시 남구 서문대로654번길 33,남구,학생
2984,K(케이)실용음악학원,예체능,광주광역시 북구 중흥로 121-4,북구,학생
3000011090,동광주간호학원,기타,광주광역시 북구 동문대로 193,북구,성인
5795,엘씨아이외국어학원,영어,광주광역시 남구 봉선로 88,남구,학생
3000014616,르베발레학원,예체능,광주광역시 광산구 첨단중앙로 102,광산구,학생
3000011717,블록피아매곡학원,기타,광주광역시 북구 매곡로 55,북구,성인
3000013659,리더스모델학원,예체능,광주광역시 동구 남문로 686,동구,학생
3000011707,퍼니앤아트예체능학원,예체능,광주광역시 광산구 풍영로 257,광산구,학생
3000011467,민족부사관장교고시학원,입시,광주광역시 동구 금남로 207,동구,학생
5282,환희음악학원,예체능,광주광역시 북구 양산제로 109,북구,성인
2500000333,우영피아노교습소,예체능,광주광역시 동구 학소로62번길 4,동구,학생
3000010434,더샵(the#)음악교습소,예체능,광주광역시 광산구 월계로 109,광산구,학생
3000011152,신가우리음악학원,예체능,광주광역시 광산구 수등로 277-1,광산구,학생
3000010252,이은식토익어학원,영어,광주광역시 북구 우치로 140,북구,성인
4950,뮤직라떼음악교습소,예체능,광주광역시 광산구 월곡산정로 12,광산구,학생
2500000397,맑은소리피아노교습소,예체능,광주광역시 북구 천지인로115번길 11-3,북구,성인
3000011114,심재서예교습소,예체능,광주광역시 북구 군왕로 149-2,북구,성인
3000014890,라온아트예체능교습소,예체능,광주광역시 북구 황계로 47,북구,성인
3515,신창바둑학원,기타,광주광역시 광산구 신창로131번길 15,광산구,학생
3000012677,아이뮤즈음악학원,예체능,광주광역시 광산구 임방울대로 154-24,광산구,학생
1500002717,비엔나피아노학원,예체능,광주광역시 북구 천지인로 191,북구,성인
1000003873,평생문화센터공예학원,기타,광주광역시 남구 대남대로410번길 6,남구,학생
3000011881,봉선간호전문학원,기타,광주광역시 남구 용대로119번길 6,남구,학생
2000000961,행복한그림나라예체능교습소,예체능,광주광역시 광산구 임방울대로 142-12,광산구,학생
3000014457,필랜드예술원예체능학원,예체능,광주광역시 광산구 풍영로200번길 41,광산구,학생
3000013966,온더피아노(on the piano)음악학원,예체능,광주광역시 남구 제석로80번길 58-4,남구,학생
3000010552,경헌서예학원,예체능,광주광역시 북구 서하로 383,북구,학생
3000011801,라스칼라성악아카데미학원,예체능,광주광역시 남구 용대로53번길 10,남구,학생
3371,드림음악학원,예체능,광주광역시 북구 서양로 47-1,북구,성인
3000014869,서희음악교습소,예체능,광주광역시 북구 동문대로249번길 19,북구,성인
3000015024,광주기린아음악학원,예체능,광주광역시 서구 금화로 54,서구,성인
1212,서선희교습소,예체능,광주광역시 북구 무등로5번길 12-14,북구,성인
3000010423,아름다운음악교습소,예체능,광주광역시 서구 금호운천길 66,서구,성인
1817,그림이야기예체능교습소,예체능,광주광역시 북구 서양로 100-1,북구,성인
3000013871,두루예체능학원,예체능,광주광역시 북구 양산택지로 89,북구,성인
3000012616,플레이뮤직하남원실용음악학원,예체능,광주광역시 광산구 손재로110번길 37,광산구,학생
3000014352,로잔발레학원,예체능,광주광역시 남구 제석로 110,남구,학생
1117,고은손음악학원,예체능,광주광역시 북구 서하로106번길 15,북구,학생
4113,JS퀴진요리학원,기타,광주광역시 서구 죽봉대로 25,서구,성인
3000013006,조이아트센터창의예체능학원,예체능,광주광역시 남구 효천2로가길 19,남구,학생
1601,화정동진예체능학원,예체능,광주광역시 서구 염화로45번길 13,서구,성인
3000011477,MBC아카데미광주연극음악학원,기타,광주광역시 남구 용대로 117,남구,학생
6827,정아트예체능교습소,예체능,광주광역시 남구 화산로31번안길 3,남구,학생
2000003177,포르테피아노과외교습소,예체능,광주광역시 남구 백서로 74-1,남구,학생
3000012624,솔향음악교습소,예체능,광주광역시 북구 첨단연신로133번길 15,북구,성인
5827,티엔글로벌학원,영어,광주광역시 서구 마륵로 90,서구,성인
3000012355,헤세드음악교습소,예체능,광주광역시 광산구 선운로 34,광산구,학생
1500002425,자이뮤즈피아노학원,예체능,광주광역시 북구 임방울대로 1044,북구,성인
1500000734,김재규공무원학원,입시,광주광역시 동구 제봉로 145,동구,학생
3000015099,온음피아노음악교습소,예체능,광주광역시 광산구 장덕로 160,광산구,학생
5868,리즈(LIZ)실용예술아카데미학원,예체능,광주광역시 광산구 소촌로 128,광산구,학생
4526,소리샘PIANO(피아노)학원,예체능,광주광역시 북구 용주로30번길 60,북구,성인
3000014664,올(ALL)바른스피치.웅변교습소,기타,광주광역시 광산구 수완로73번길 29,광산구,학생
3000015054,조스트링스튜디오바이올린교습소,예체능,광주광역시 광산구 장덕로 160,광산구,학생
898,명인피아노교습소,예체능,광주광역시 동구 준법로 32-1,동구,학생
2000003596,클라비어피아노교습소,예체능,광주광역시 광산구 하남대로 248-12,광산구,학생
3000013611,엠제이예체능학원,예체능,광주광역시 북구 청계로 43,북구,성인
3000014482,위드발레학원,예체능,광주광역시 남구 효천중앙로 62,남구,학생
3000011209,남구그린섬예체능학원,예체능,광주광역시 남구 서문대로701번길 2,남구,학생
3000013792,나투어뮤직금호음악교습소,예체능,광주광역시 서구 금부로95번길 26-8,서구,성인
6219,휴먼피아노음악학원,예체능,광주광역시 남구 방림로 31,남구,학생
3000014124,뮤지스음악학원,예체능,광주광역시 광산구 월계로 203,광산구,학생
3000013499,하하창의예체능교습소,예체능,광주광역시 북구 군왕로51번길 60,북구,성인
1932,문흥포인트정석속독학원,기타,광주광역시 북구 서하로 372,북구,성인
7129,모차르트피아노학원,예체능,광주광역시 북구 문산로 58,북구,성인
2627,포스코예체능학원,예체능,광주광역시 남구 용대로53번길 15,남구,학생
5478,그레이트예체능학원,예체능,광주광역시 북구 동운로 222,북구,성인
6514,포이에마(POIEMA)어학원,영어,광주광역시 광산구 임방울대로 374,광산구,학생
1000003891,멀티전산학원,기타,광주광역시 광산구 첨단중앙로 102,광산구,학생
1500002605,무등음악학원,예체능,광주광역시 북구 월동로 28,북구,성인
2500000583,에바다피아노교습소,예체능,광주광역시 북구 두방길32번길 42,북구,성인
1500000442,광주제과기술학원,기타,광주광역시 북구 동문대로 92,북구,성인
3000011057,리딩타운어학원,영어,광주광역시 남구 봉선중앙로 13,남구,학생
3000014291,나투어뮤직상무음악학원,예체능,광주광역시 서구 상무평화로 79,서구,성인
3000012897,톡톡그림북예체능학원,예체능,광주광역시 광산구 임방울대로 330,광산구,학생
1500002753,대림예은음악학원,예체능,광주광역시 북구 양일로305번길 11-1,북구,성인
21,소망피아노학원,예체능,광주광역시 서구 상무민주로 101,서구,성인
1000003850,하남금호음악학원,예체능,광주광역시 광산구 월곡산정로 80,광산구,학생
56,예일음악전문학원,예체능,광주광역시 서구 화운로193번길 23,서구,성인
6525,린예체능블럭학원,예체능,광주광역시 광산구 임방울대로 468-5,광산구,학생
3000012063,IDOART(아이두아트)예체능학원,예체능,광주광역시 북구 양산택지로34번길 5,북구,학생
2500000360,김은숙피아노교습소,예체능,광주광역시 동구 구성로238번길 25,동구,학생
2000003347,김정하피아노교습소,예체능,광주광역시 남구 월광2길 28,남구,학생
3000013678,은빛예체능교습소,예체능,광주광역시 광산구 수완로33번길 22,광산구,학생
3000015244,에듀플라잇승무원학원,기타,광주광역시 동구 금남로 236,동구,학생
2031,베이징중국어교습소,영어,광주광역시 서구 운천로 19,서구,성인
3000012812,모짜르트실용음악학원,예체능,광주광역시 동구 제봉로 207,동구,학생
4323,행복한음악학원,예체능,광주광역시 광산구 산월로 64,광산구,학생
6071,존스커피바리스타학원,기타,광주광역시 서구 상무화원로32번길 9,서구,성인
1500002614,벨로체음악학원,예체능,광주광역시 동구 의재로 149-8,동구,학생
3000013985,매쓰첨단주산교습소,기타,광주광역시 북구 첨단연신로 187,북구,성인
4427,운암한성컴퓨터학원,기타,광주광역시 북구 서강로 104-3,북구,성인
3000014329,어린음악대음악교습소,예체능,광주광역시 광산구 풍영로170번길 39-9,광산구,학생
6812,바이올린음악학원,예체능,광주광역시 서구 화개1로 57,서구,성인
4697,ENF(이엔에프)외국어학원,영어,광주광역시 북구 대천로 138,북구,학생
1000003819,뮤직스토리음악학원,예체능,광주광역시 광산구 수등로258번길 13,광산구,학생
3000014930,아유음악교습소,예체능,광주광역시 광산구 신창로35번길 29-6,광산구,학생
3000012418,어린음악대어린화가들효천원학원,기타,광주광역시 남구 효우2로 34,남구,학생
2371,강성순교습소,예체능,광주광역시 북구 중가로75번길 9-5,북구,학생
3000014471,외대어학원,영어,광주광역시 서구 상무중앙로 101,서구,성인
3000012189,예찬예체능학원,예체능,광주광역시 북구 동문대로 6-1,북구,성인
3000015230,트라움성악학원,예체능,광주광역시 광산구 풍영로 249,광산구,학생
3000014349,봄뜰리에예체능교습소,예체능,광주광역시 서구 송풍로 20,서구,성인
3000013288,카이스트수학전문학원,입시,광주광역시 북구 유림로 175,북구,성인
3129,영재사관학원,기타,광주광역시 북구 용봉택지로 28,북구,성인
3000011368,더(The)선율음악교습소,예체능,광주광역시 광산구 장신로265번길 22,광산구,학생
3000014679,지져스모델학원,예체능,광주광역시 동구 중앙로 210,동구,학생
3000012577,전점자컴퓨터교습소,기타,광주광역시 광산구 송도로162번길 11-6,광산구,학생
1629,21세기예체능학원,예체능,광주광역시 서구 상무중앙로 43,서구,성인
3000012778,리즈예체능노대점학원,예체능,광주광역시 남구 효우로 87,남구,학생
3000013740,바림예체능교습소,예체능,광주광역시 동구 필문대로206번길 12-1,동구,학생
3000014745,흑석건축전기학원,기타,광주광역시 광산구 풍영로101번안길 1-7,광산구,학생
5292,그린나래예체능교습소,예체능,광주광역시 북구 서하로94번길 10-1,북구,성인
3000011797,포르테피아노교습소,예체능,광주광역시 북구 첨단연신로 250,북구,성인
3000014083,아이엠댄스학원,예체능,광주광역시 북구 서암대로 27,북구,성인
3000012697,에스아이에스광주러닝센터어학원,영어,광주광역시 남구 오방로 17,남구,학생
3000013310,아이인예체능학원,예체능,광주광역시 북구 두방길 95,북구,성인
3000014099,다온피아노음악학원,예체능,광주광역시 동구 밤실로 154,동구,학생
1560,그림공작소예체능교습소,예체능,광주광역시 광산구 사암로340번길 30,광산구,학생
5285,첨단에스윌어학원,영어,광주광역시 광산구 월계로 203,광산구,학생
3000013108,다엘음악학원,예체능,광주광역시 서구 화정로243번길 14,서구,성인
1500000464,밀알공과기술학원,기계,광주광역시 북구 금남로 104,북구,성인
3000012847,클라라음악교습소,예체능,광주광역시 서구 금호운천길 68,서구,성인
2500000391,미솔음악교습소,예체능,광주광역시 동구 남문로622번길 11-1,동구,학생
2609,로댕예체능교습소,예체능,광주광역시 서구 화개1로 59-3,서구,성인
1500000239,광주사진학원,사진,광주광역시 동구 서석로 33-2,동구,학생
1500000556,광주대성학원,기타,광주광역시 동구 제봉로 92,동구,학생
5959,하음음악학원,예체능,광주광역시 북구 설죽로370번길 27-12,북구,성인
3000014473,효천조이음악학원,예체능,광주광역시 남구 효천2로 26,남구,학생
3000011155,대방음악학원,예체능,광주광역시 광산구 풍영로170번길 39-26,광산구,학생
3000012315,피아노치는아이들음악교습소,예체능,광주광역시 북구 첨단연신로 194,북구,성인
1000003219,염주컴퓨터학원,기타,광주광역시 서구 월드컵4강로28번길 50-4,서구,성인
3082,이현아음악학원,예체능,광주광역시 서구 화운로193번길 36-2,서구,성인
4276,아트인예체능학원,예체능,광주광역시 광산구 신창로35번길 20,광산구,학생
3000011861,퍼스트클래스학원,영어,광주광역시 남구 화산로31번길 8,남구,학생
3000010588,브레인예술종합학원,예체능,광주광역시 서구 풍암2로 2,서구,성인
3000013732,진`s(진스)발레학원,예체능,광주광역시 서구 천변좌로 142,서구,성인
3208,클랑음악아카데미학원,예체능,광주광역시 남구 봉선로 127,남구,학생
6700,세운음악학원,예체능,광주광역시 서구 풍암운리로7번길 8,서구,성인
3000010286,중허한문서예학원,예체능,광주광역시 동구 남문로 674,동구,학생
2000003786,소리엘피아노교습소,예체능,광주광역시 서구 치평로 105,서구,성인
6131,광주패션디자인학원,기타,광주광역시 북구 서강로 104-3,북구,성인
3000011982,대광건축학원,기타,광주광역시 서구 경열로 32-1,서구,성인
2500000114,하나피아노교습소,예체능,광주광역시 북구 서방로39번길 29,북구,성인
3000011260,블루실용음악학원,예체능,광주광역시 북구 북문대로 53,북구,성인
5110,건반피아노학원,예체능,광주광역시 남구 봉선2로 68,남구,학생
5703,힐링실용음악학원,예체능,광주광역시 서구 죽봉대로119번길 4,서구,성인
3000013774,피아노치는아이음악학원,예체능,광주광역시 북구 양산택지소로 25,북구,성인
3000012380,전대예원음악교습소,예체능,광주광역시 동구 무등로 374,동구,학생
1500002661,광주현대음악학원,예체능,광주광역시 북구 양일로 55,북구,성인
3000013167,합격강자강제자습고시학원,입시,광주광역시 북구 호동로 9-4,북구,성인
3000011738,행복음악학원,예체능,광주광역시 북구 설죽로389번길 77,북구,성인
3000014076,리리컬아트(Lyrical art)예체능학원,예체능,광주광역시 남구 봉선로84번길 3,남구,학생
3000012982,제이제이리딩어학원,영어,광주광역시 남구 화산로 47,남구,학생
1000003339,외대어학학원,영어,광주광역시 서구 풍암신암로 42,서구,성인
7257,고운아이피아노교습소,예체능,광주광역시 서구 치평로 15-1,서구,성인
3301,건반나라피아노학원,예체능,광주광역시 동구 운림길 38,동구,학생
3000014975,뮤직포레음악교습소,예체능,광주광역시 북구 상촌로43번길 32,북구,성인
6980,인아트예체능교습소,예체능,광주광역시 남구 서문대로627번길 19,남구,학생
3000010215,상상나무예체능교습소,예체능,광주광역시 북구 동림용산로 12-33,북구,성인
4255,예꼬음악교습소,예체능,광주광역시 광산구 첨단중앙로181번길 6,광산구,학생
1000003526,프라하음악학원,예체능,광주광역시 광산구 수등로 287,광산구,학생
3000010617,광주광산에스엘피어학원,영어,광주광역시 광산구 장신로 140,광산구,학생
5367,아트앤아이예체능교습소,예체능,광주광역시 북구 황계로 21,북구,성인
1500000512,광주전기학원,기타,광주광역시 북구 무등로 183 ,북구,성인
3000011915,라벨피아노학원,예체능,광주광역시 남구 효우2로 26,남구,학생
3000014986,에스엠(SM)피아노입시전문학원,예체능,광주광역시 남구 서문대로812번길 4-8,남구,학생
1807,광주백제예술실용음악학원,예체능,광주광역시 동구 필문대로 48,동구,학생
3000014054,대치동입시연구소학원,입시,광주광역시 서구 화개1로79번길 6-1,서구,성인
3000014743,바움노리학원,기타,광주광역시 광산구 임방울대로378번길 37,광산구,학생
3000014850,센트럴예체능예체능교습소,예체능,광주광역시 동구 경양로 234,동구,학생
3000013636,라엘음악학원,예체능,광주광역시 남구 정율성로 22,남구,학생
3000013262,라온음악학원,예체능,광주광역시 동구 남문로753번길 20,동구,학생
3863,로이음악학원,예체능,광주광역시 북구 양산택지로34번길 23-1,북구,성인
1000001493,예음피아노음악학원,예체능,광주광역시 남구 봉선로133번길 7,남구,학생
1500000238,공방사진학원,기타,광주광역시 동구 동계천로 163-3,동구,학생
3000013958,클랑피아노교습소,예체능,광주광역시 서구 월드컵4강로28번길 16,서구,성인
1000002589,숙명피아노음악학원,예체능,광주광역시 광산구 임방울대로 727-5,광산구,학생
3000015038,마벨아트아동전문예체능학원,예체능,광주광역시 남구 효우2로26번길 3,남구,학생
6973,금호그림나라예체능교습소,예체능,광주광역시 서구 금호운천길 66,서구,성인
3000015178,예체능담다예체능교습소,예체능,광주광역시 광산구 장덕로95번길 16,광산구,학생
3000014052,광주제일직업전문학원,기타,광주광역시 남구 월산로151번길 2,남구,학생
3000012707,흐그로예체능학원,예체능,광주광역시 광산구 소촌로 144,광산구,학생
2000002413,둥지피아노교습소,예체능,광주광역시 서구 화정로85번길 29,서구,성인
1000003164,동민음악학원,예체능,광주광역시 광산구 목련로273번길 88,광산구,학생
1500002683,광민음악학원,예체능,광주광역시 북구 일곡로 100,북구,학생
1500001812,예송예체능학원,예체능,광주광역시 북구 대천로157번길 104-13,북구,성인
3000015212,기타벅스실용음악학원,예체능,광주광역시 서구 하남대로 654,서구,성인
3000014050,메가엠디학원,입시,광주광역시 북구 우치로110번길 9,북구,성인
3000014209,KEEPDance&MusicStudio킵댄스&뮤직학원,예체능,광주광역시 광산구 장신로 72,광산구,학생
3000011793,프라임학원,기타,광주광역시 북구 비엔날레로 101,북구,성인
3000014041,이안예체능학원,예체능,광주광역시 북구 하서로483번길 2,북구,성인
3000014495,지혜로운음악학원,예체능,광주광역시 북구 본촌마을길 157-15,북구,성인
3000012288,아이러브피아노교습소,예체능,광주광역시 광산구 풍영로169번길 16,광산구,학생
3804,무브더180(moveThe)학원,예체능,광주광역시 남구 제석로80번길 54,남구,학생
3000014500,서구애니스타만화학원,예체능,광주광역시 서구 상무중앙로28번길 4,서구,성인
3000011906,드림실용음악학원,예체능,광주광역시 북구 북문대로 105,북구,성인
3000015200,AddVoice애드보이스보컬음악교습소,예체능,광주광역시 남구 군분로33번길 33,남구,학생
1500000460,호남제과전문학원,기타,광주광역시 동구 중앙로 170,동구,학생
3016,고운소리음악학원,예체능,광주광역시 서구 화개1로79번길 3,서구,성인
3000014514,크리아트예체능학원,예체능,광주광역시 남구 효천2로 28,남구,학생
3000014635,더플랜학원,기타,광주광역시 광산구 임방울대로 352,광산구,학생
3000015048,DA다그린아트예체능교습소,예체능,광주광역시 서구 풍암순환로 94,서구,성인
4355,영예음피아노교습소,예체능,광주광역시 서구 염화로65번길 16,서구,성인
6233,브라이튼음악학원,예체능,광주광역시 북구 일곡마을로 10,북구,성인
3000013943,이화음악학원,예체능,광주광역시 남구 제석로80번길 45,남구,학생
3000014142,브레인&소마학원,기타,광주광역시 북구 서강로 78,북구,성인
1000001864,김선주성악학원,예체능,광주광역시 서구 풍암중앙로91번길 8-2,서구,성인
3000013786,유현바이올린아카데미학원,예체능,광주광역시 광산구 사암로340번길 47,광산구,학생
991,다섯손가락피아노교습소,예체능,광주광역시 남구 대남대로127번길 25,남구,학생
1134,백운호남요리학원,기타,광주광역시 남구 봉선로 2,남구,학생
446,IRC(아이알씨)어학원,영어,광주광역시 북구 설죽로 430,북구,학생
3000013426,아르떼음악교습소,예체능,광주광역시 북구 운용로 47,북구,성인
3375,농성예원피아노교습소,예체능,광주광역시 남구 금화로456번길 17,남구,학생
3000014017,신예체능학원,예체능,광주광역시 북구 서하로 376,북구,성인
1000001546,예원피아노음악학원,예체능,광주광역시 서구 운천로32번길 7,서구,성인
3000013225,창조의아침예체능학원,예체능,광주광역시 동구 금남로 241-7,동구,학생
3000011113,애니스타만화학원,기타,광주광역시 북구 설죽로 319,북구,성인
3000011246,양산리틀스케치예체능학원,예체능,광주광역시 북구 양산택지로34번길 23-1,북구,성인
2500000589,아쉬람피아노교습소,예체능,광주광역시 동구 남문로713번길 16-22,동구,학생
3000012882,한마음예체능교습소,예체능,광주광역시 남구 중앙로 64-1,남구,학생
1000003179,세종컴퓨터전산학원,기타,광주광역시 남구 봉선2로 68,남구,학생
3000014702,어썸실용음악학원,예체능,광주광역시 북구 금남로 125,북구,성인
1000001217,에이스피아노학원,예체능,광주광역시 남구 봉선2로 96-14,남구,학생
3000013198,엘탄츠예체능학원,예체능,광주광역시 서구 하남대로 654,서구,성인
3000012337,댄스플러스아카데미학원,예체능,광주광역시 광산구 장신로82번길 16,광산구,학생
3000014252,클랑피아노음악교습소,예체능,광주광역시 동구 남문로644번길 14,동구,학생
2529,라벨라피아노음악교습소,예체능,광주광역시 광산구 소촌로86번길 17,광산구,학생
3000013935,헬로키즈예체능(Hello Kids Art)학원,예체능,광주광역시 북구 설죽로 416,북구,성인
3000010099,Ray레이실용음악학원,예체능,광주광역시 북구 문산로 41,북구,학생
3000012863,광주인테리어필름학원,기타,광주광역시 동구 서암대로 304,동구,학생
5143,윤피아노교습소,예체능,광주광역시 남구 독립로54번길 8,남구,학생
4841,김미숙클래스음악교습소,예체능,광주광역시 동구 무등로 374,동구,학생
5793,하늘채음악정원학원,예체능,광주광역시 광산구 장덕로137번길 39,광산구,학생
3000013488,사공서예학원,예체능,광주광역시 북구 설죽로389번길 5,북구,성인
4103,(양산점)벨칸토음악학원,예체능,광주광역시 북구 양산택지로 63-9,북구,학생
3000014498,열정100어학원,영어,광주광역시 동구 필문대로 261,동구,학생
4817,다소니아트예체능교습소,예체능,광주광역시 북구 용주로30번길 60,북구,성인
3000011281,마일즈실용음악학원,예체능,광주광역시 북구 설죽로 505,북구,성인
1500000508,제일전기학원,기타,광주광역시 북구 무등로 188,북구,성인
1000002972,고은음악학원,예체능,광주광역시 서구 풍암순환로 14,서구,성인
3000014825,피아노플레잉음악전문학원,예체능,광주광역시 북구 하백로 8,북구,성인
3000013920,라발레학원,예체능,광주광역시 서구 내방로 235,서구,성인
3000011160,정철어학원,영어,광주광역시 북구 비엔날레로 80,북구,성인
1000003405,위슬런입시학원,기타,광주광역시 서구 풍암중앙로 43,서구,성인
1637,슈베르트피아노교습소,예체능,광주광역시 서구 치평로 105,서구,성인
3000013649,뉴욕아트예체능교습소,예체능,광주광역시 광산구 첨단중앙로181번길 88-21,광산구,학생
6876,JL(제이엘)연기학원,예체능,광주광역시 동구 구성로 167,동구,학생
3000011245,광주국제영어마을어학원,영어,광주광역시 남구 압촌4길 8,남구,학생
2628,마재줄리아드음악학원,예체능,광주광역시 서구 마재로 19,서구,성인
3000012144,TopChef(탑쉐프)요리학원,기타,광주광역시 북구 첨단연신로91번길 14,북구,학생
3000012799,금호예체능교습소,예체능,광주광역시 북구 서림로116,북구,성인
1500002460,예향피아노학원,예체능,광주광역시 동구 제봉로98번길 8-1,동구,학생
812,라스칼라음악학원,예체능,광주광역시 북구 북문대로242번길 43,북구,성인
3000014768,부밀리광주봉선점학원,입시,광주광역시 남구 제석로 104,남구,학생
3000010939,데일리어쿠스틱기타교습소,예체능,광주광역시 광산구 장신로147번길 5-18,광산구,학생
3000010922,제이제이(jj)실용음악학원,예체능,광주광역시 광산구 풍영로 37,광산구,학생
3000013202,이아이이(EIE)효천어학원,영어,광주광역시 남구 효우2로 34,남구,학생
284,서광주정상어학원,영어,광주광역시 남구 회재로 1140-9,남구,학생
3000014814,마음숲아트예체능교습소,예체능,광주광역시 남구 효우2로26번길 13,남구,학생
1000002867,샘음악학원,예체능,광주광역시 서구 화정로 96-1,서구,성인
294,예체능재미풍암예체능학원,예체능,광주광역시 남구 회재로 1140-9,남구,학생
3000013522,아르트음악학원,예체능,광주광역시 서구 풍암운리로23번길 6,서구,성인
528,포스코음악학원,예체능,광주광역시 북구 설죽로370번길 32,북구,성인
1000001999,은행나무디자인학원,기타,광주광역시 광산구 광산로 76-1,광산구,학생
1069,그림아이예체능교습소,예체능,광주광역시 북구 서하로 92,북구,성인
3000012555,아트톡톡예체능교습소,예체능,광주광역시 남구 봉선로 55,남구,학생
3000011868,씨앤씨·애니스타예체능학원,예체능,광주광역시 광산구 수완로 57,광산구,학생
1000002910,반올림음악학원,예체능,광주광역시 광산구 목련로382번길 114,광산구,학생
7286,브라이튼스토리학원,기타,광주광역시 광산구 임방울대로 603,광산구,학생
4633,예쁜소리음악교습소,예체능,광주광역시 서구 치평로 79,서구,성인
3000012281,(풍암점)벨칸토음악학원,예체능,광주광역시 서구 풍암1로 17,서구,성인
3000010548,지니음악학원,예체능,광주광역시 동구 남문로693번길 11,동구,학생
3000015124,늘폴댄스학원,예체능,광주광역시 서구 하남대로 654,서구,성인
1000002541,하이든음악학원,예체능,광주광역시 광산구 월곡산정로 20,광산구,학생
3000012329,행복가득예체능교습소,예체능,광주광역시 서구 상무민주로 100,서구,성인
686,대한논리속독학원,기타,광주광역시 광산구 임방울대로 330,광산구,학생
3000012850,솜씨건축디자인학원,기타,광주광역시 동구 중앙로 280,동구,학생
3000014278,예미요리직업전문학원,기타,광주광역시 북구 북문대로 113,북구,성인
3000014993,화수분엘리프어학원,영어,광주광역시 서구 염화로103번길 2,서구,성인
3000012210,나무그림예체능교습소,예체능,광주광역시 남구 서문대로 790,남구,학생
2500000341,예음피아노교습소,예체능,광주광역시 동구 무등로 530-1,동구,학생
3000012412,마음스피치학원,기타,광주광역시 북구 서암대로 180,북구,성인
1241,최승희교습소,예체능,광주광역시 동구 장동로 43,동구,학생
3000012248,박해경모던예체능교습소,예체능,광주광역시 남구 봉선로 138,남구,학생
3920,명문음악학원,예체능,광주광역시 북구 황계로55번길 24,북구,성인
3000011190,열매피아노교습소,예체능,광주광역시 서구 내방로157번길 6,서구,성인
3000010480,우리들음악학원,예체능,광주광역시 서구 유림로98번길 47,서구,성인
6239,벨칸토성악학원,예체능,광주광역시 북구 중흥로 186,북구,성인
3000012716,정인진언어심리특수학원,기타,광주광역시 남구 대남대로 159,남구,학생
3000013760,이엔(EN)어학원,영어,광주광역시 동구 중앙로196번길 31-6,동구,학생
3000013015,티지(TG)교육광주수완점학원,기타,광주광역시 광산구 풍영로 253,광산구,학생
3000014275,이성애스튜디오바이올린교습소,예체능,광주광역시 남구 봉선로 115,남구,학생
513,모드실용음악아카데미학원,예체능,광주광역시 동구 중앙로 166,동구,학생
3000013629,화정리틀팍스어학원,영어,광주광역시 서구 화정로 259,서구,성인
5005,하늘피아노교습소,예체능,광주광역시 북구 서암대로 199,북구,성인
3000013055,코라경매학원,기타,광주광역시 북구 무등로 225,북구,성인
6102,칸타빌레피아노음악학원,예체능,광주광역시 광산구 수완로33번길 76,광산구,학생
5687,감성음악학원,예체능,광주광역시 북구 서방로 123,북구,학생
2839,서선영피아노교습소,예체능,광주광역시 서구 치평로 30,서구,성인
3000014555,바인피아노교습소,예체능,광주광역시 광산구 장덕로95번길 16,광산구,학생
1000003798,수완LS논리학습속독학원,기타,광주광역시 광산구 임방울대로 326,광산구,학생
3000010663,아이원시찌다학원,기타,광주광역시 서구 풍금로 40,서구,성인
3000014303,이아이이(EiE)화정어학원,영어,광주광역시 서구 화운로 94,서구,성인
3000013864,윤도예학원,기타,광주광역시 광산구 임방울대로 330,광산구,학생
1500002397,학정서예학원,예체능,광주광역시 동구 서석로 89,동구,학생
1500002682,어린음악대고니원음악학원,예체능,광주광역시 북구 반룡로41번길 3,북구,성인
5901,내쉬빌실용음악학원,예체능,광주광역시 북구 군왕로 84,북구,성인
5634,애니섬예체능학원,예체능,광주광역시 광산구 첨단중앙로116번길 7,광산구,학생
3000012814,고운소리피아노학원,예체능,광주광역시 서구 화정로244번길 17,서구,성인
5190,김영편입학원,입시,광주광역시 동구 예술길 31-16,동구,학생
6257,YJ(와이제이)어학원,기타,광주광역시 동구 밤실로 154,동구,학생
3000014084,회화전문C&C(씨앤씨)예체능학원,예체능,광주광역시 북구 서강로 98,북구,성인
6679,다락아트공예학원,기타,광주광역시 북구 금재로36번길 56,북구,성인
3000014905,애이블샘뮤지컬트레이닝센터학원,예체능,광주광역시 동구 제봉로 72,동구,학생
2377,한영희피아노교습소,예체능,광주광역시 북구 죽봉대로 191,북구,성인
3000013372,이수지음악학원,예체능,광주광역시 동구 남문로 343,동구,학생
3000012702,이예서창작예체능교습소,예체능,광주광역시 광산구 장덕로95번길 16,광산구,학생
2500000205,제일피아노교습소,예체능,광주광역시 북구 자산로 2-2,북구,성인
4154,다음정보기술컴퓨터학원,기타,광주광역시 광산구 신창로 126,광산구,학생
3000010712,로제타스톤영어교실용봉학원,영어,광주광역시 북구 비엔날레로 112,북구,성인
3000013790,한울피아노교습소,예체능,광주광역시 서구 상무오월로52번길 3,서구,성인
3000013797,이강백뇌영상기억·리딩속독학원,기타,광주광역시 북구 동문대로191번길 51,북구,성인
2000003340,중앙피아노교습소,예체능,광주광역시 광산구 첨단중앙로181번길 16,광산구,학생
3000013812,칸타빌레성악교습소,예체능,광주광역시 동구 갈마로 50,동구,학생
5054,뮤직&아트음악학원,예체능,광주광역시 서구 월드컵4강로 137,서구,성인
7298,편명강면접스피치학원,기타,광주광역시 서구 화개1로 59-1,서구,성인
1114,아이네오음악학원,예체능,광주광역시 광산구 월계로 170,광산구,학생
2000003788,플러스피아노교습소,예체능,광주광역시 광산구 첨단중앙로181번길 42-25,광산구,학생
3000013695,엔젤음악교습소,예체능,광주광역시 광산구 선운로 55,광산구,학생
3000015137,크리아트유아초등창의예체능학원,예체능,광주광역시 남구 봉선2로 87-3,남구,학생
3000012753,아이쿵예체능교습소,예체능,광주광역시 북구 일곡마을로 10-1,북구,성인
3000011855,JS(제이에스)뮤직아카데미학원,예체능,광주광역시 동구 충장로 45-2,동구,학생
4075,초이음악학원,예체능,광주광역시 광산구 목련로273번안길 23,광산구,학생
5120,예쁜손음악학원,예체능,광주광역시 광산구 소촌로152번길 20,광산구,학생
1000001473,슈만과클라라음악학원,예체능,광주광역시 남구 용대로119번길 13,남구,학생
3000013615,조이뮤직음악교습소,예체능,광주광역시 광산구 수등로94번길 18,광산구,학생
3000014636,영재들의예체능상자예체능교습소,예체능,광주광역시 광산구 선운로 55,광산구,학생
1000002902,new(뉴)하이든음악학원,예체능,광주광역시 서구 풍암순환로 191,서구,성인
3000012079,피아노숲음악교습소,예체능,광주광역시 광산구 월곡산정로 108,광산구,학생
4934,티지(TG)교육광주남구점학원,기타,광주광역시 남구 봉선2로 59,남구,학생
4225,루바토음악학원,예체능,광주광역시 북구 양산로71번길 8,북구,성인
6224,신나는예체능교습소,예체능,광주광역시 서구 상무대로1057번길 29,서구,성인
3000012796,프롤로그음악교습소,예체능,광주광역시 서구 학생독립로 13,서구,성인
3000012867,영가스파르타센터2관학원,입시,광주광역시 북구 자동차로 70,북구,성인
3000015284,진월실용음악교습소,예체능,광주광역시 남구 서문대로749번마길 46,남구,학생
6920,플레이학원,기타,광주광역시 남구 봉주7길 30,남구,학생
7389,소리나무피아노교습소,예체능,광주광역시 서구 화운로193번길 38,서구,성인
5480,경희학습언어교육학원,기타,광주광역시 남구 봉선1로 18-1,남구,학생
3000011703,유앤아이(You&I)첨단2어학원,기타,광주광역시 북구 첨단연신로91번길 20-7,북구,성인
1000003436,ECC서광주어학학원,영어,광주광역시 서구 상무중앙로 70,서구,성인
3000013272,어린음악대하음원음악학원,예체능,광주광역시 동구 남문로753번길 20,동구,학생
3000014466,뮤터음악학원,예체능,광주광역시 광산구 월계로 223-7,광산구,학생
1000002060,어린음악대운남원음악학원,예체능,광주광역시 광산구 임방울대로 142-12,광산구,학생
3241,송도움피아노학원,예체능,광주광역시 남구 서문대로627번길 19,남구,학생
3000014313,클레시아음악학원,예체능,광주광역시 북구 양산택지로 89,북구,성인
684,프랑스문화원알리앙스프랑세즈학원,영어,광주광역시 북구 경열로 217,북구,성인
3000013549,드림잡학원,입시,광주광역시 광산구 남동길 11-19,광산구,학생
4992,세종예체능학원,예체능,광주광역시 동구 중앙로 181,동구,학생
3000013865,세라트도예학원,기타,광주광역시 남구 봉선로51번길 13-1,남구,학생
3000014779,유니팝예체능학원,예체능,광주광역시 서구 풍암1로 52,서구,성인
3000013784,마에스트로음악학원,예체능,광주광역시 남구 서문대로 665,남구,학생
7380,위드음악학원,예체능,광주광역시 광산구 임방울대로358번길 30,광산구,학생
891,두암현대피아노교습소,예체능,광주광역시 북구 동문대로100번길 16,북구,성인
3000015168,에스앤에스음악교습소,예체능,광주광역시 동구 동계천로 136,동구,학생
3000012832,비트원디제이아카데미학원,예체능,광주광역시 동구 동명로 49,동구,학생
3000013494,아이엠피카소(I.M.Picasso)예체능학원,예체능,광주광역시 남구 제석로80번길 54,남구,학생
7191,클라라음악학원,예체능,광주광역시 서구 상무버들로 41,서구,성인
1500002989,아스카일본어전문학원,영어,광주광역시 동구 예술길 31,동구,학생
3000011062,고아트예체능학원,예체능,광주광역시 광산구 신창로 136,광산구,학생
3000014563,엔젤바이올린교습소,예체능,광주광역시 서구 치평로 79,서구,성인
3000011517,컬러리스트디자인학원,예체능,광주광역시 북구 우치로 120,북구,성인
4983,S(에스)예체능학원,예체능,광주광역시 북구 하서로 396,북구,학생
3000010118,씨엠(CM)실용음악학원,예체능,광주광역시 서구 상무민주로 101,서구,성인
1065,유사라피아노교습소,예체능,광주광역시 북구 군왕로168번길 28,북구,성인
3000013271,청운스파르타고시학원,입시,광주광역시 동구 남문로744번길 3,동구,학생
1003,조이피아노음악교습소,예체능,광주광역시 북구 동림용산로 12-2,북구,성인
3000014710,화음피아노교습소,예체능,광주광역시 남구 큰방림길 3,남구,학생
2000003664,뉴홍익예체능교습소,예체능,광주광역시 서구 상무공원로 112,서구,성인
3000014822,씨앤비커피제빵학원,기타,광주광역시 북구 양산로 2,북구,성인
3000013878,용봉간호학원,기타,광주광역시 북구 설죽로 342,북구,성인
3000011526,성해영실용음악학원,예체능,광주광역시 북구 면앙로31번길 1,북구,성인
4000,은별피아노교습소,예체능,광주광역시 남구 금당로3길 8-2,남구,학생
3000014510,봉선자라다남아예체능학원,예체능,광주광역시 남구 불로마을길 13,남구,학생
4186,문흥리틀팍스어학원,영어,광주광역시 북구 문산로 27-8,북구,성인
3000014946,스테파니아트예체능학원,예체능,광주광역시 서구 금화로383번길 4,서구,성인
948,송은피아노교습소,예체능,광주광역시 동구 무등로449번길 31,동구,학생
419,김경자국악학원,국악,광주광역시 서구 대남대로 454-1,서구,성인
1500002423,송하송피아노학원,예체능,광주광역시 북구 대천로169번길 5,북구,성인
3891,BMA리틀팍스외국어학원,영어,광주광역시 서구 풍암중앙로 43,서구,성인
5695,미라파인슐레외국어학원,영어,광주광역시 광산구 송정로15번길 37,광산구,학생
4936,시온피아노음악학원,예체능,광주광역시 남구 용대로 145,남구,학생
1000001602,하나로피아노학원,예체능,광주광역시 광산구 월곡산정로 12-14,광산구,학생
6465,진월간호전문학원,기타,광주광역시 남구 서문대로 670,남구,학생
3000015199,아트커먼스예체능학원,예체능,광주광역시 남구 효천2로 26,남구,학생
3000010486,소리나무음악학원,예체능,광주광역시 서구 유림로98번길 51,서구,성인
3743,베토벤음악학원,예체능,광주광역시 광산구 신창로131번길 19,광산구,학생
3000011153,하남아이숲예체능학원,예체능,광주광역시 광산구 목련로21번길 45,광산구,학생
3000011273,디자인그린섬예체능학원,예체능,광주광역시 동구 중앙로 212,동구,학생
3000012724,나빌레라예체능학원,예체능,광주광역시 북구 하백로 5,북구,성인
5382,광주언어치료특수교육학원,기타,광주광역시 서구 무진대로 947,서구,성인
3000011887,더오르다학원,기타,광주광역시 광산구 왕버들로 113-13,광산구,학생
3629,한소리피아노교습소,예체능,광주광역시 광산구 월곡산정로 40,광산구,학생
2000003817,헨델피아노교습소,예체능,광주광역시 남구 독립로54번길 19,남구,학생
1000003089,어린음악대풍암주은원음악학원,예체능,광주광역시 서구 풍암2로 38,서구,성인
1000003128,풍암넷피아정보처리학원,기타,광주광역시 서구 풍암중앙로 47,서구,성인
3269,화문학원,영어,광주광역시 북구 독립로 271,북구,성인
3000013128,폴리(POLY)어학원,영어,광주광역시 광산구 왕버들로 91,광산구,학생
3000013132,엔더블유(NW)실용음악학원,예체능,광주광역시 서구 하남대로680번길 1,서구,성인
1500001954,에이맥스한국화관예체능학원,예체능,광주광역시 동구 동계천로 74,동구,학생
6044,라벨피아노교습소,예체능,광주광역시 동구 제봉로82번길 23,동구,학생
3000013996,이슬아색소폰학원,예체능,광주광역시 북구 서양로 55-2,북구,성인
3000013106,피트단기광주학원,입시,광주광역시 북구 우치로 150,북구,성인
4706,신창어학원,영어,광주광역시 광산구 신창로 80,광산구,학생
3000011739,라온예체능학원,예체능,광주광역시 북구 첨단연신로 166,북구,성인
3591,빨강파랑예체능교습소,예체능,광주광역시 남구 봉선로 98,남구,학생
3000013627,김태훈예체능학원,예체능,광주광역시 북구 자산로 28,북구,성인
3000013578,리즈예체능학원,예체능,광주광역시 남구 서문대로 683,남구,학생
4834,광주스카이에듀학원,기타,광주광역시 동구 동명로 16,동구,학생
3000011661,(광산)브라이튼어학원,영어,광주광역시 광산구 임방울대로 603,광산구,학생
3000011032,색채예체능학원,예체능,광주광역시 광산구 첨단중앙로68번길 99,광산구,학생
7181,ECC어학원,영어,광주광역시 광산구 장신로 143,광산구,학생
3000014659,아트커먼스예체능학원,예체능,광주광역시 동구 용산1로 4,동구,학생
1000003853,팬그램어학원,기타,광주광역시 광산구 목련로253번길 31,광산구,학생
3000012968,더플레르(THE FLEUR)플로리스트학원,기타,광주광역시 서구 내방로 392,서구,성인
1500000265,광주속기학원,기타,광주광역시 동구 금남로 250-8,동구,학생
4377,버들예음피아노학원,예체능,광주광역시 서구 상무버들로16번길 6-1,서구,성인
5840,진월줄리어드음악학원,예체능,광주광역시 남구 노대실로 48,남구,학생
3000010041,아정서예학원,예체능,광주광역시 광산구 풍영로 83,광산구,학생
1000003457,뮤즈음악학원,예체능,광주광역시 서구 풍암순환로 56,서구,성인
3000012521,강지은음악교습소,예체능,광주광역시 남구 용대로53번길 9,남구,학생
3000012636,상상아트(ART)예체능교습소,예체능,광주광역시 남구 봉선2로 96-14,남구,학생
3058,리틀스케치예체능교습소,예체능,광주광역시 북구 설죽로 535-1,북구,성인
6112,P.D.I(피디아이)양산국제어학원,영어,광주광역시 북구 양산로 54,북구,학생
1000003123,덕산실용음악학원,예체능,광주광역시 남구 봉선로84번길 7,남구,학생
3000015254,소곤소공공예교습소,기타,광주광역시 북구 임방울대로1041번길 24,북구,성인
1000004181,광주공과학원,기타,광주광역시 서구 무진대로 907,서구,성인
3000010396,문마리아음악교습소,예체능,광주광역시 북구 하백로46번길 10,북구,성인
3000014990,오하운폴댄스수완점학원,예체능,광주광역시 광산구 장신로 76,광산구,학생
5088,비타영ㆍ수학원,기타,광주광역시 광산구 첨단중앙로181번길 6,광산구,학생
4052,한빛요리학원,기타,광주광역시 북구 우치로 233-1,북구,성인
6681,그레이프학원,기타,광주광역시 서구 풍암중앙로91번길 14,서구,성인
7202,아르떼홍익예체능수완점학원,예체능,광주광역시 광산구 임방울대로 310,광산구,학생
1500002433,빛나음악학원,예체능,광주광역시 북구 각화대로39번길 6,북구,성인
5383,맨하튼음악학원,예체능,광주광역시 광산구 신창로35번길 54,광산구,학생
3000011686,이제이(EJ)아카데미음악학원,예체능,광주광역시 광산구 풍영로 294-23,광산구,학생
3868,더나다움진로진학학원,입시,광주광역시 서구 치평로 30,서구,성인
3000011751,애교쌤피아노음악교습소,예체능,광주광역시 광산구 월계로 59,광산구,학생
3000014481,예체능숲예체능학원,예체능,광주광역시 서구 월드컵4강로 40-1,서구,성인
6054,줄리어드피아노교습소,예체능,광주광역시 광산구 목련로21번길 45,광산구,학생
3000014933,엠브이지음악교습소,예체능,광주광역시 북구 대자로 36,북구,성인
6582,타임실용음악학원,예체능,광주광역시 서구 상무중앙로 10,서구,성인
3000014527,잉글톡어학원,영어,광주광역시 남구 효천2로 26,남구,학생
3000014480,모모페인팅취미예체능학원,예체능,광주광역시 서구 내방로241번길 5-5,서구,성인
3000010332,북스톤어학원,영어,광주광역시 남구 봉선로 147,남구,학생
985,이슬피아노교습소,예체능,광주광역시 북구 면앙로6번길 72,북구,성인
5810,HSK(에이치에스케이)전문임혜원중국어통역학원,기타,광주광역시 북구 면앙로 1,북구,학생
3000012823,더탑스예체능학원,예체능,광주광역시 서구 하남대로710번길 6,서구,성인
3000014162,수완The#더샾첼로교습소,예체능,광주광역시 광산구 장덕로137번길 39,광산구,학생
1000001672,아이뮤직트리음악학원,예체능,광주광역시 서구 발산로 35,서구,성인
4840,대한영재어학원,영어,광주광역시 광산구 첨단중앙로116번길 14,광산구,학생
1468,고호펀아트예체능교습소,예체능,광주광역시 북구 유림로 175,북구,학생
3000012485,첨단소리엘피아노학원,예체능,광주광역시 광산구 월계로 68,광산구,학생
3000013474,다온음악학원,예체능,광주광역시 광산구 동곡로 735,광산구,학생
3000014693,어린음악대금화원학원,예체능,광주광역시 서구 금화로103번길 9,서구,성인
3000014684,퍼스트바리스타제과제빵학원,기타,광주광역시 서구 상무중앙로 43,서구,성인
3000014613,플래뮤예체능교습소,예체능,광주광역시 광산구 풍영로199번길 25,광산구,학생
3000013156,피엘에스(PLS)어학원,영어,광주광역시 남구 제석로 110,남구,학생
5127,동덕실용음악학원,예체능,광주광역시 북구 서방로 3,북구,성인
3000014502,채움예체능학원,예체능,광주광역시 광산구 신창로 109,광산구,학생
1500002553,고성음악학원,예체능,광주광역시 동구 충장로 101-5,동구,학생
3000015211,주니어그린섬예체능학원,예체능,광주광역시 남구 봉선로 127,남구,학생
3000015259,광주정보인재개발원학원,기타,광주광역시 북구 금남로 41,북구,성인
3000014652,그린섬광주헤라클레스조소학원,예체능,광주광역시 동구 중앙로 218,동구,학생
3000014504,아인클랑음악학원,예체능,광주광역시 남구 중앙로50번안길 15,남구,학생
1244,한옥란교습소,예체능,광주광역시 북구 서방로107번길 7,북구,성인
3000014374,은피아노음악교습소,예체능,광주광역시 북구 서양로 100-1,북구,성인
3000012093,상상쓰리디학원,기타,광주광역시 서구 내방로 400,서구,성인
1000001571,광화음악학원,예체능,광주광역시 서구 금화로383번길 30-1,서구,성인
3000011176,북구그린섬예체능학원,예체능,광주광역시 북구 설죽로 328,북구,성인
3000015075,리더러시아어교습소,영어,광주광역시 광산구 목련로 89,광산구,학생
3000011298,유피(UP)패션디자인전문학원,기타,광주광역시 서구 상무대로 994,서구,성인
3944,엠비씨오에스에스어학원,영어,광주광역시 광산구 신창로131번길 9,광산구,학생
6526,린피아노학원,예체능,광주광역시 광산구 임방울대로 468-5,광산구,학생
3000012995,메가엠디광주피이이티(PEET)종합반학원,입시,광주광역시 동구 금남로 225,동구,학생
3000012346,바르나발레학원,예체능,광주광역시 광산구 장신로 62,광산구,학생
3277,꿈과소망피아노음악교습소,예체능,광주광역시 북구 북문대로247번길 19,북구,성인
3000015147,열린음악학원,예체능,광주광역시 북구 중흥로 162,북구,성인
1053,한빛피아노교습소,예체능,광주광역시 북구 삼정로 50-1,북구,성인
3000011641,동그라미바둑교습소,기타,광주광역시 광산구 임방울대로 142-12,광산구,학생
4991,하멜과리사실용음악학원,예체능,광주광역시 남구 용대로 145,남구,학생
7102,상무포인트정석속독학원,기타,광주광역시 서구 상무중앙로 43,서구,성인
2500000307,안젤리피아노교습소,예체능,광주광역시 북구 금재로9번길 15-1,북구,성인
3000010313,린츠피아노학원,예체능,광주광역시 북구 용봉택지로13번길 17,북구,성인
3000013277,솔로몬글로벌셀러창업학원,기타,광주광역시 북구 우치로 26,북구,성인
3000014606,수완에꼴드에땅예체능학원,예체능,광주광역시 광산구 수완로73번길 31,광산구,학생
3000010799,한솔파인슐레어학원,기타,광주광역시 북구 양산택지로79번길 20,북구,성인
1000003874,풍암포인트정석속독학원,기타,광주광역시 서구 풍암중앙로 55,서구,성인
3000011325,이화지중전기학원,기타,광주광역시 북구 비엔날레로 48,북구,성인
556,어린음악대줄리어드원음악학원,예체능,광주광역시 광산구 사암로340번안길 6,광산구,학생
509,현대피아노학원,예체능,광주광역시 북구 우치로241번길 45,북구,성인
3000014819,SLT(에스엘티)어학원수학원,기타,광주광역시 서구 화개1로 81,서구,성인
2500000418,우해사군자교습소,예체능,광주광역시 북구 동계천로5번길 2-1,북구,성인
1000002913,한피아노학원,예체능,광주광역시 서구 풍암1로 20,서구,성인
2000003412,어울림피아노음악교습소,예체능,광주광역시 서구 금화로115번길 25,서구,성인
3000014073,존스커피바리스타학원,기타,광주광역시 동구 백서로 115-1,동구,학생
3000013896,고실용예술아카데미상무학원,기타,광주광역시 서구 상무시민로 131,서구,성인
3000011712,어쿠스틱데이기타교습소,예체능,광주광역시 남구 봉선1로 78-1,남구,학생
3000014022,하바학원,기타,광주광역시 북구 일곡로41번길 29,북구,성인
1500002755,상록음악학원,예체능,광주광역시 북구 문산로 20,북구,성인
3000011946,아름다운공작소예체능교습소,예체능,광주광역시 남구 제석로80번안길 9,남구,학생
3000011410,꿈꾸다예체능학원,예체능,광주광역시 광산구 임방울대로 356,광산구,학생
3000013831,길진도장기능사전문학원,기타,광주광역시 북구 용주로 57,북구,성인
1000002554,뮤직트리학원,예체능,광주광역시 광산구 소촌로86번길 20-5,광산구,학생
3000013917,예일음악교습소,예체능,광주광역시 광산구 사암로340번길 30,광산구,학생
6791,명성제과제빵학원,기타,광주광역시 광산구 풍영로 97,광산구,학생
3000014043,네버랜드예체능학원,예체능,광주광역시 남구 효우2로26번길 8,남구,학생
3000014196,하늘예체능교습소,예체능,광주광역시 북구 군왕로 297,북구,성인
3000012014,아톰1초어학원,영어,광주광역시 동구 중앙로196번길 31-10,동구,학생
3000012766,C&K(씨앤케이)예체능학원,예체능,광주광역시 북구 북문대로 129,북구,학생
3000013928,라온(LAON)실용음악학원,예체능,광주광역시 북구 용봉로 76,북구,성인
4105,소희아트예체능교습소,예체능,광주광역시 서구 풍암순환로 183,서구,성인
1000003840,라임예체능학원,예체능,광주광역시 서구 마륵로 133,서구,성인
1000003404,롱맨어학학원,영어,광주광역시 서구 풍암중앙로 43,서구,성인
6171,노블리스트음악학원,예체능,광주광역시 광산구 수등로76번길 40,광산구,학생
3000014322,조이엘피아노교습소,예체능,광주광역시 서구 마륵복개로 94,서구,성인
1500002487,로맨음악학원,예체능,광주광역시 북구 설죽로 535-1,북구,성인
3000014417,리라음악교습소,예체능,광주광역시 서구 백석길 22-17,서구,성인
1000002622,주신음악학원,예체능,광주광역시 남구 봉선중앙로 48,남구,학생
3000012892,시영음악학원,예체능,광주광역시 광산구 하남대로54번안길 115,광산구,학생
3000011236,힐링도자기교습소,기타,광주광역시 북구 북문대로 235,북구,성인
3000013691,뿌리음악학원,예체능,광주광역시 광산구 풍영로329번길 50,광산구,학생
3000012221,래아예체능교습소,예체능,광주광역시 북구 비엔날레로 55,북구,성인
1846,모아리스트음악학원,예체능,광주광역시 북구 저불로 21,북구,성인
3000010265,어린음악대문흥중앙원음악학원,예체능,광주광역시 북구 대천로 124-6,북구,성인
3000011684,줄리어드음악학원,예체능,광주광역시 북구 첨단연신로107번길 15,북구,성인
7123,다다예체능학원,예체능,광주광역시 북구 청계로 27,북구,성인
3000010376,전대예음음악학원,예체능,광주광역시 광산구 송정로 80,광산구,학생
3000012596,J제이아뜰리에예체능교습소,예체능,광주광역시 서구 유림로98번길 49,서구,성인
3000012822,그랑제이키즈발레학원,예체능,광주광역시 서구 금화로383번길 10,서구,성인
3000010624,바스키즈예체능학원,예체능,광주광역시 광산구 장신로 134,광산구,학생
5672,엘리제음악학원,예체능,광주광역시 광산구 왕버들로132번길 22,광산구,학생
5116,소망피아노학원,예체능,광주광역시 북구 동운로 192,북구,성인
3000011502,블록피아양산학원,기타,광주광역시 북구 양산택지로 80,북구,성인
6442,예본실용음악학원,예체능,광주광역시 북구 북문대로159번길 3,북구,성인
7415,하이피아노뮤직스튜디오학원,예체능,광주광역시 광산구 하남대로 30,광산구,학생
2097,아이리더예술교육음악학원,예체능,광주광역시 북구 서양로 28,북구,성인
3000011055,씨앤씨(C&C)예체능학원,예체능,광주광역시 남구 서문대로 686,남구,학생
3000014653,로이발레학원,예체능,광주광역시 광산구 신창로 110-1,광산구,학생
2415,본피아노음악학원,예체능,광주광역시 남구 용대로53번길 15,남구,학생
3182,클림트예체능학원,예체능,광주광역시 광산구 수등로 277,광산구,학생
3000013296,그려보세영예체능교습소,예체능,광주광역시 광산구 목련로273번길 88,광산구,학생
3000014908,그림일기아동예체능교습소,예체능,광주광역시 북구 경양로 57,북구,성인
3000014858,경진어학영어교습소,영어,광주광역시 북구 서하로94번길 19,북구,학생
1000000811,송정실용음악학원,예체능,광주광역시 광산구 송도로 210-1,광산구,학생
1000003910,피아니스트음악학원,예체능,광주광역시 광산구 임방울대로 142-12,광산구,학생
5845,한양학원,검정,광주광역시 동구 예술길 31-11,동구,학생
4658,광주MS실용음악학원,예체능,광주광역시 서구 풍암중앙로 49,서구,성인
3000013590,하나간호학원,기타,광주광역시 광산구 장신로 82,광산구,학생
6309,백제간호전문학원,기타,광주광역시 북구 북문대로 117,북구,성인
3000014228,이지ELS(이엘에스)어학원,영어,광주광역시 동구 예술길 31-15,동구,학생
6794,리에스프레소커피학원,기타,광주광역시 북구 우치로 408,북구,성인
3000014615,올라프예체능교습소,예체능,광주광역시 북구 양일로 71,북구,성인
3000010528,아트피아예체능학원,예체능,광주광역시 광산구 임방울대로 364,광산구,학생
4826,금호피카소예체능학원,예체능,광주광역시 서구 금화로 54,서구,성인
3000010555,피아노스토리인비엔나음악학원,예체능,광주광역시 서구 상무중앙로 43,서구,성인
3000010980,엘리제피아노&바이올린음악교습소,예체능,광주광역시 서구 풍암순환로 68,서구,성인
4140,드림실용음악학원,예체능,광주광역시 남구 서문대로627번길 19,남구,학생
867,그림그리는집예체능교습소,예체능,광주광역시 동구 무등로 374,동구,학생
3000014323,엘린음악학원,예체능,광주광역시 남구 효천2로가길 7,남구,학생
3000010257,이은식어학원,영어,광주광역시 북구 우치로 140,북구,성인
3000013563,글림음악학원,예체능,광주광역시 광산구 풍영로329번길 19,광산구,학생
3000010255,모던실용음악학원,예체능,광주광역시 광산구 첨단중앙로 104,광산구,학생
1000003137,위스콘신어학원,영어,광주광역시 서구 운천로 89,서구,성인
3000013157,랄랄라피아노교습소,예체능,광주광역시 서구 화운로 24,서구,성인
3000014614,아트리예체능교습소,예체능,광주광역시 광산구 첨단중앙로181번길 42-25,광산구,학생
3000013135,피카소예체능학원,예체능,광주광역시 광산구 신창로131번길 15,광산구,학생
613,그림그리는세상예체능교습소,예체능,광주광역시 북구 문산로62번길 15,북구,성인
3000011930,이아이이(EIE)선운어학원,기타,광주광역시 광산구 동곡로 735,광산구,학생
5049,어린음악대두암딩동댕원음악학원,예체능,광주광역시 북구 삼정로66번길 100,북구,성인
3000012078,리베피아노음악교습소,예체능,광주광역시 북구 일곡택지로99번길 34,북구,성인
3000015135,그린컴퓨터학원,기타,광주광역시 동구 금남로 225,동구,학생
3000011704,광주일등학원,기타,광주광역시 동구 서석로85번길 8-11,동구,학생
3000014314,애플코딩학원,기타,광주광역시 광산구 임방울대로 330,광산구,학생
3000013178,NewYork(뉴욕)어학원,영어,광주광역시 북구 동운로 223-11,북구,학생
3000012019,액팅스팟(acting spot)연기학원,기타,광주광역시 동구 서석로 41-1,동구,학생
3000013223,더샾피아노음악교습소,예체능,광주광역시 서구 풍암순환로 94,서구,성인
3000012869,터치실용음악학원,예체능,광주광역시 서구 화개1로 57,서구,성인
3696,동부피아노교습소,예체능,광주광역시 북구 서양로 116-2,북구,성인
3000014468,하나음악학원,예체능,광주광역시 북구 하서로 477,북구,성인
3433,어린음악대즐거운원음악학원,예체능,광주광역시 광산구 왕버들로251번길 27,광산구,학생
5124,메디아이학원,기타,광주광역시 서구 내방로 324-1,서구,성인
1592,규림네트웍스학원,기타,광주광역시 남구 서문대로 614,남구,학생
3000011953,디자인휴먼학원,기타,광주광역시 서구 상무누리로 30,서구,성인
2000003584,양은경바이올린교습소,예체능,광주광역시 서구 치평로 30,서구,성인
2500000308,아이피카소예체능교습소,예체능,광주광역시 북구 대자실로 14,북구,성인
6597,스피치리더십커뮤니케이션학원,기타,광주광역시 서구 상무중앙로 96,서구,성인
3000010640,에스(S)음악학원,예체능,광주광역시 광산구 임방울대로332번길 9-4,광산구,학생
6183,다온실용음악학원,예체능,광주광역시 광산구 목련로153번길 134,광산구,학생
3000013084,중앙소방안전학원,기타,광주광역시 서구 하남대로 494,서구,성인
6290,은하수피아노교습소,예체능,광주광역시 동구 남문로634번길 1-13,동구,학생
5079,푸른콩피아노학원,예체능,광주광역시 동구 의재로 149-7,동구,학생
348,초롱피아노교습소,예체능,광주광역시 남구 중앙로 66,남구,학생
567,로얄예체능학원,예체능,광주광역시 서구 풍암중앙로 55,서구,성인
1000003876,에뚜왈발레예체능학원,예체능,광주광역시 광산구 임방울대로 310,광산구,학생
3000011901,아이러브아트예체능학원,예체능,광주광역시 북구 첨단연신로107번길 15,북구,성인
1692,포인트정석속독학원,기타,광주광역시 북구 일곡마을로 39,북구,성인
3000014092,광주목공아카데미학원,기타,광주광역시 동구 무등로304번길 55,동구,학생
3000014670,산정선예체능학원,예체능,광주광역시 광산구 용아로297번길 17,광산구,학생
3418,에이맥스예체능학원,예체능,광주광역시 동구 중앙로 226,동구,학생
3000011645,이서영음악학원,예체능,광주광역시 북구 본촌택지로 1,북구,성인
7304,엘림음악교습소,예체능,광주광역시 북구 어매마을길17번길 13-10,북구,성인
3000014786,드로잉플레이스예체능교습소,예체능,광주광역시 광산구 임방울대로 673-5,광산구,학생
3000013286,제이엔씨(JNC)실용음악아카데미학원,예체능,광주광역시 광산구 수완로 56,광산구,학생
3000013058,한빛기술학원,기타,광주광역시 동구 서암대로 324,동구,학생
3000010179,위드실용음악학원,예체능,광주광역시 남구 중앙로 78,남구,학생
1500002537,어린음악대삼각원음악학원,예체능,광주광역시 북구 설죽로389번길 75?,북구,성인
3000013114,레콩음악학원,예체능,광주광역시 북구 서하로 92,북구,성인
3000010983,히든키초중영어전문학원,기타,광주광역시 광산구 임방울대로 372,광산구,학생
3000013931,정희연예체능학원,예체능,광주광역시 서구 금화로 283,서구,성인
4778,엘탑(LTOP)어학원수학전문학원,기타,광주광역시 광산구 신창로 128,광산구,학생
3000013141,제이지(JG)취업학원,기타,광주광역시 북구 면앙로 1,북구,성인
3000015005,서광음악교습소,예체능,광주광역시 서구 월드컵4강로197번길 37-2,서구,성인
3000014405,작은손음악교습소,예체능,광주광역시 동구 화산로 328-6,동구,학생
3000011077,나무소리디자인공예학원,기타,광주광역시 북구 자동차로 48,북구,성인
3000014094,광주요리전문학원,기타,광주광역시 남구 대남대로 282,남구,학생
3000012785,조현서뮤직아카데미음악학원,예체능,광주광역시 광산구 신창로162번길 24,광산구,학생
3000014265,샘음악교습소,예체능,광주광역시 북구 고사길 12-3,북구,성인
3000012158,씨앤피음악교습소,예체능,광주광역시 서구 운천로154번길 37,서구,성인
6046,어린음악대새별원음악학원,예체능,광주광역시 광산구 수등로76번길 74,광산구,학생
2000003500,대화예손피아노교습소,예체능,광주광역시 남구 봉선로 98,남구,학생
1000002702,새한피아노음악학원,예체능,광주광역시 남구 광복마을길 49,남구,학생
6740,호반칸타빌레피아노교습소,예체능,광주광역시 서구 상일로 50,서구,성인
7215,전대공무원경찰학원,입시,광주광역시 북구 우치로 80,북구,성인
2000000947,뉴소나타피아노교습소,예체능,광주광역시 서구 백일로10번길 4,서구,성인
1500001673,예일예체능학원,예체능,광주광역시 북구 북문대로169번길 16,북구,성인
3000013268,놀작마이아트화정힐즈키즈센터예체능교습소,예체능,광주광역시 서구 화정로244번길 17,서구,성인
5753,장덕피아노교습소,예체능,광주광역시 광산구 풍영로169번길 46,광산구,학생
3000014270,피아노플래잉음악교습소,예체능,광주광역시 광산구 첨단강변로 100,광산구,학생
3000013230,꿈꾸는피아노학원,예체능,광주광역시 서구 발산로 34,서구,성인
3000014267,네모의꿈건축기술아카데미학원,기타,광주광역시 동구 무등로 329,동구,학생
4172,αrt+아트플러스예체능학원,예체능,광주광역시 북구 용봉택지로 39,북구,학생
6696,EQ예체능학원,예체능,광주광역시 광산구 신창로 69,광산구,학생
3000011003,그린섬예체능학원,예체능,광주광역시 광산구 첨단중앙로 136,광산구,학생
3000012540,알티오라ALTIORA어학원,기타,광주광역시 광산구 목련로253번길 31,광산구,학생
1111,디자인은그린섬예체능학원,예체능,광주광역시 동구 제봉로 130,동구,학생
672,선경외국어학원,영어,광주광역시 북구 동문대로 164,북구,성인
3000013471,펀펀리더스피치교습소,기타,광주광역시 광산구 장신로 139,광산구,학생
1500002613,어린음악대용두원음악학원,예체능,광주광역시 북구 임방울대로1041번길 3,북구,성인
3000014274,이선주스튜디오피아노교습소,예체능,광주광역시 남구 봉선로 115,남구,학생
3982,쇼팽과피아노음악교습소,예체능,광주광역시 광산구 사암로215번길 16,광산구,학생
3000014769,모이즈플루트교습소,예체능,광주광역시 남구 제석로80번안길 1,남구,학생
3000010244,웃음소리가득한예체능학원,예체능,광주광역시 남구 봉선로 146,남구,학생
3000014798,필상입시학원,기타,광주광역시 서구 치평로 20,서구,성인
3000014087,피아노와함께피아노교습소,예체능,광주광역시 서구 상무대로1057번길 29-2,서구,성인
6803,호반모짜르트피아노교습소,예체능,광주광역시 서구 금화로149번길 9,서구,성인
3000014558,수문피아노클래스음악교습소,예체능,광주광역시 광산구 신창로105번길 23-18,광산구,학생
4929,염태호스파르타어학학원,영어,광주광역시 북구 우치로 112,북구,성인
1500002056,최정옥예체능학원,예체능,광주광역시 북구 설죽로 500,북구,성인
2000002150,백일호반피아노교습소,예체능,광주광역시 서구 학생독립로 13,서구,성인
3000010006,오르세예체능교습소,예체능,광주광역시 서구 치평로 105,서구,성인
3000013762,윤예체능교습소,예체능,광주광역시 북구 우치로 274,북구,성인
3000010943,소호예체능학원,예체능,광주광역시 서구 화운로 63,서구,성인
3000011908,필로소피뮤직아카데미실용음악학원,예체능,광주광역시 동구 충장로 68,동구,학생
1000001060,선예체능학원,예체능,광주광역시 광산구 월곡산정로 80,광산구,학생
3000010540,리딩스타수완캠퍼스어학원,영어,광주광역시 광산구 장신로 134,광산구,학생
3000012980,블럭인(Block-En)학원,기타,광주광역시 북구 모룡대길 53,북구,성인
3000010964,엔젤스음악교습소,예체능,광주광역시 남구 광복마을4길 9,남구,학생
3000011166,닥터짱잉글리쉬존(Dr.Zang English Zone)어학원,영어,광주광역시 광산구 수완로49번길 32,광산구,학생
3000011381,와이키즈학원,기타,광주광역시 남구 봉선로 62,남구,학생
6626,수음악학원,예체능,광주광역시 북구 자라봉로63번길 9,북구,성인
3000012760,아시아요리학원,기타,광주광역시 남구 봉선중앙로 87-1,남구,학생
1500002370,삼락서예학원,예체능,광주광역시 동구 구성로 219,동구,학생
4897,이스턴영어양산어학원,기타,광주광역시 북구 양산로 57,북구,성인
1052,하와피아노교습소,예체능,광주광역시 동구 필문대로287번길 1,동구,학생
3708,코드실용음악학원,예체능,광주광역시 광산구 신창로 2,광산구,학생
3000012656,문수경음악교습소,예체능,광주광역시 북구 설죽로 555-1,북구,성인
5516,현대간호학원,기타,광주광역시 남구 회재로 1270,남구,학생
3000014100,예원한국예체능교습소,예체능,광주광역시 광산구 임방울대로 330,광산구,학생
1000003590,화개음악학원,예체능,광주광역시 서구 화개중앙로 61-1,서구,성인
5293,지지피아노교습소,예체능,광주광역시 남구 백운로 82번길 11,남구,학생
3000013922,피아노의숲학원,예체능,광주광역시 북구 자라봉로63번길 21,북구,성인
3000011894,아이엠음악교습소,예체능,광주광역시 북구 양일로 66,북구,성인
1500002654,맑은소리음악학원,예체능,광주광역시 동구 필문대로192번길 32-9,동구,학생
7008,아이러브쿡&아트예체능교습소,예체능,광주광역시 광산구 산월로 64,광산구,학생
3000015235,온플루트스튜디오음악교습소,예체능,광주광역시 서구 하남대로680번길 1,서구,성인
3000010045,에이맥스예체능학원,예체능,광주광역시 광산구 장신로 134,광산구,학생
3000012068,칸뮤직음악학원,예체능,광주광역시 남구 효우2로26번길 29,남구,학생
7027,모다인패션디자인학원,기타,광주광역시 동구 중앙로 182,동구,학생
914,맑은소리피아노교습소,예체능,광주광역시 북구 문산로 81,북구,성인
4353,풍암에덴피아노교습소,예체능,광주광역시 서구 송풍로 20,서구,성인
3000014530,크리아트예체능교습소,예체능,광주광역시 북구 일곡로 100-1,북구,성인
3000015088,EvansMusicAcademy에반스뮤직아카데미음악교습소,예체능,광주광역시 남구 효우로 260,남구,학생
3000010426,피아노와바이올린음악교습소,예체능,광주광역시 남구 독립로 90,남구,학생
3338,선양예체능학원,예체능,광주광역시 서구 상무대로 1067,서구,성인
3000014870,PianoStudio(피아노스튜디오)음악교습소,예체능,광주광역시 서구 상무공원로 33,서구,성인
373,별피아노음악학원,예체능,광주광역시 북구 용봉택지로13번길 14,북구,성인
4358,단미음악학원,예체능,광주광역시 남구 화산로 29-1,남구,학생
6776,정안실용음악학원,예체능,광주광역시 북구 매곡로 55,북구,성인
3000014927,김민주음악학원,예체능,광주광역시 광산구 금봉로 113,광산구,학생
3000012661,한국직업기술학원,기타,광주광역시 동구 천변우로 339,동구,학생
3000012528,이지클래스음악학원,예체능,광주광역시 동구 동계로 79,동구,학생
79,아이엘음악학원,예체능,광주광역시 서구 상무민주로 122,서구,성인
7148,엔젤시찌다학원,기타,광주광역시 광산구 소촌로 86,광산구,학생
3000011300,마인실용음악학원,예체능,광주광역시 광산구 신창로 86,광산구,학생
3000015029,에스앤엠아카데미예체능학원,예체능,광주광역시 북구 비엔날레로155번길 29,북구,성인
6109,5선피아노음악학원,예체능,광주광역시 동구 갈마로 46,동구,학생
370,이시원음악학원,예체능,광주광역시 북구 양산택지로 78,북구,성인
3000014739,스카이영수학원,기타,광주광역시 북구 문산로 43-2,북구,성인
3000013430,마르코한국어교습소,영어,광주광역시 동구 천변우로 339,동구,학생
3555,명바이올린교습소,예체능,광주광역시 남구 서문대로663번길 11,남구,학생
2500000472,비엔날레예체능교습소,예체능,광주광역시 북구 비엔날레로 99,북구,성인
3000015172,마음을잇다예체능교습소,예체능,광주광역시 광산구 수완로33번길 79,광산구,학생
3000011939,아트엘피아노교습소,예체능,광주광역시 서구 염화로134번길 29,서구,성인
3000014282,글로리음악교습소,예체능,광주광역시 북구 매곡로69번길 22-1,북구,성인
1779,엔젤라피아노교습소,예체능,광주광역시 북구 평교로29번길 13,북구,성인
1500002523,온뮤직(music)음악학원,예체능,광주광역시 북구 각화대로 33,북구,성인
3536,인덕음악교습소,예체능,광주광역시 동구 필문대로 12-7,동구,학생
3000011370,김은수공예아카데미학원,기타,광주광역시 남구 진다리로 19,남구,학생
3000014800,Youth유스음악학원,예체능,광주광역시 서구 경열로 71-1,서구,성인
1000003665,남구동아간호학원,기타,광주광역시 남구 독립로 4,남구,학생
1000002866,스텝스예체능학원,예체능,광주광역시 광산구 첨단내촌로70번길 55,광산구,학생
1000002861,라인모짜르트음악학원,예체능,광주광역시 서구 마륵로 133,서구,성인
7400,수완라라음악학원,예체능,광주광역시 광산구 장신로147번길 10,광산구,학생
5864,스트라디바이올린전문학원,예체능,광주광역시 남구 효사랑길 7,남구,학생
3000014899,꼬마작가들의감성놀이터광주교육원예체능교습소,예체능,광주광역시 광산구 장덕로 160,광산구,학생
3000013969,슈테른음악학원,예체능,광주광역시 북구 일곡택지로 93,북구,성인
7093,더존아카데미학원,기타,광주광역시 동구 필문대로 277,동구,학생
3000014005,153플라워학원,기타,광주광역시 북구 양산택지로 108,북구,학생
3000013827,CMG(씨엠지)실용음악학원,예체능,광주광역시 북구 첨단연신로107번길 45-11,북구,학생
3000011082,연제줄리아드음악전문학원,예체능,광주광역시 북구 양일로 70-1,북구,성인
3000012686,상상해보라예체능학원,예체능,광주광역시 광산구 임방울대로 355,광산구,학생
2075,하율실용음악학원,예체능,광주광역시 북구 서하로 301,북구,성인
3000014972,운암뮤즈음악학원,예체능,광주광역시 북구 서강로 79-7,북구,성인
7083,심지은음악학원,예체능,광주광역시 광산구 하남대로 30,광산구,학생
3326,최미애전통예체능학원,예체능,광주광역시 동구 충장로 25,동구,학생
1500002441,요한음악학원,예체능,광주광역시 북구 유림로 175,북구,성인
1500002492,피아노스토리음악학원,예체능,광주광역시 북구 반룡로 33-1,북구,성인
6504,지앤비운암대자어학원,영어,광주광역시 북구 대자로 3,북구,성인
4646,봉선점C&C(씨앤씨)예체능학원,예체능,광주광역시 남구 봉선로 164,남구,학생
3000010599,Han`s(한스)실용음악학원,예체능,광주광역시 동구 필문대로 46,동구,학생
3000011537,SY(에스와이)이스턴어학원,영어,광주광역시 북구 첨단연신로107번길 7,북구,학생
3000014588,효천사운드오브뮤직학원,예체능,광주광역시 남구 효천중앙로 52,남구,학생
1500002333,두암한국바둑학원,기타,광주광역시 북구 월동로 39,북구,성인
1000000672,한성컴퓨터학원,기타,광주광역시 광산구 사암로 258,광산구,학생
3000015078,온더샘영어학원,영어,광주광역시 광산구 첨단중앙로116번길 10,광산구,학생
3000014188,줄리어드피아노음악학원,예체능,광주광역시 북구 유림로 157,북구,성인
3000011419,빛소리쇼팽음악학원,예체능,광주광역시 남구 회서로21번가길 2,남구,학생
3000014828,그린컴퓨터학원,기타,광주광역시 서구 상무중앙로 44,서구,성인
3000014107,르블랑예체능&댄스학원,예체능,광주광역시 남구 효우2로26번길 13,남구,학생
648,라뜰리에예체능교습소,예체능,광주광역시 광산구 수등로 287,광산구,학생
4568,마인클래식음악학원,예체능,광주광역시 남구 봉선로 169,남구,학생
2000003567,효덕피아노교습소,예체능,광주광역시 남구 화산로17번길 1,남구,학생
5333,스칼라음악학원,예체능,광주광역시 광산구 신창로71번길 33,광산구,학생
3000015260,잉글핏어학원,영어,광주광역시 북구 동운로 234,북구,성인
3000014379,파이브(F.I.V.E.)패션포트폴리오일러스트레이션학원,예체능,광주광역시 동구 중앙로196번길 31-6,동구,학생
3000012532,힐링아이음악학원,예체능,광주광역시 광산구 풍영철길로 20-4,광산구,학생
5373,호남간호학원,기타,광주광역시 광산구 사암로216번길 38-6,광산구,학생
975,양미란예체능교습소,예체능,광주광역시 북구 저불로73번길 14-1,북구,성인
3000012410,금호비타민예체능학원,예체능,광주광역시 서구 풍금로 155,서구,성인
3000010033,이아이이(EIE)첨단어학원,영어,광주광역시 광산구 월계로 191,광산구,학생
3000014233,행복한꿈트리학원,기타,광주광역시 북구 하남대로 705,북구,성인
3000014381,리드미음악학원,예체능,광주광역시 서구 내방로 430-1,서구,성인
3000012182,첨단클림트예체능학원,예체능,광주광역시 광산구 월계로 223-7,광산구,학생
3000014095,Q큐뮤직음악교습소,예체능,광주광역시 북구 일곡로 66,북구,학생
3000013803,벨루어가죽학원,기타,광주광역시 동구 문화전당로26번길 10-6,동구,학생
1500002737,바로크음악학원,예체능,광주광역시 북구 북문대로 96-1,북구,성인
17,안단테음악학원,예체능,광주광역시 서구 화개1로 59-2,서구,성인
6695,기타아카데미기타교습소,예체능,광주광역시 남구 봉선2로 98,남구,학생
3000013107,뮤즈영어뮤지컬성악전문학원,예체능,광주광역시 광산구 풍영로200번길 63,광산구,학생
3000012977,카르페디엠연기학원,기타,광주광역시 동구 독립로 258,동구,학생
3000012728,석(Seok)바이올린교습소,예체능,광주광역시 서구 금호운천길 99,서구,성인
3000014594,리틀아뜰리에예체능학원,예체능,광주광역시 남구 효천2로가길 5,남구,학생
3000014818,세화간호학원,기타,광주광역시 서구 하남대로 702,서구,성인
3000012304,퍼스트발레아카데미예체능학원,예체능,광주광역시 북구 비엔날레로 68,북구,성인
2000002564,강경숙피아노과외교습소,예체능,광주광역시 남구 서문대로663번길 12,남구,학생
932,소리피아노교습소,예체능,광주광역시 동구 학소로62번길 7-1,동구,학생
1000001553,한빛예체능학원,예체능,광주광역시 남구 봉선2로 96-14,남구,학생
3866,유덕피아노교습소,예체능,광주광역시 서구 상무버들로 32,서구,성인
4347,오하영음악학원,예체능,광주광역시 서구 내방로211번길 11,서구,성인
3000012067,소나타피아노교습소,예체능,광주광역시 서구 상무버들로 13,서구,성인
6286,엘가음악교습소,예체능,광주광역시 서구 금부로95번길 26-12,서구,성인
6074,그린섬예체능학원,예체능,광주광역시 동구 중앙로 212-1,동구,학생
1000003933,정은음악학원,예체능,광주광역시 남구 용대로 155,남구,학생
3000014834,그리다컬러예체능교습소,예체능,광주광역시 북구 양일1로 45,북구,성인
3000015289,사쓰만사우스바이올린학원,예체능,광주광역시 남구 봉선로 115,남구,학생
3000013421,맘앤몬테소리창의력개발학원,기타,광주광역시 광산구 왕버들로 57,광산구,학생
3000013600,행복한음악학원,예체능,광주광역시 북구 하백로 13,북구,성인
7233,바흐피아노교습소,예체능,광주광역시 광산구 풍영로330번길 15,광산구,학생
6429,음누리피아노교습소,예체능,광주광역시 광산구 산정로18번길 19-11,광산구,학생
3000013412,텐더(TENDER)가죽학원,기타,광주광역시 남구 회재로 1235,남구,학생
3000011151,꿈꾸는피아노음악교습소,예체능,광주광역시 북구 대자로 64,북구,성인
3000010438,엘리트음악학원,예체능,광주광역시 서구 동천로 13,서구,성인
2000002889,색칠하기예체능교습소,예체능,광주광역시 서구 운천로92번길 5,서구,성인
3000013561,뮤즈피아노음악교습소,예체능,광주광역시 서구 금화로383번길 10,서구,성인
3000013238,피어나발레학원,예체능,광주광역시 광산구 선운중앙로 52,광산구,학생
3000012745,비쥬아트예체능교습소,예체능,광주광역시 광산구 송도로212번길 31-8,광산구,학생
2706,엔젤간호학원,기타,광주광역시 동구 금남로 250-8,동구,학생
3000013045,꼬마화가의예체능상자예체능교습소,예체능,광주광역시 남구 중앙로 70,남구,학생
3000011283,전대석사음악교습소,예체능,광주광역시 광산구 수등로123번길 21,광산구,학생
7055,드림제과제빵요리학원,기타,광주광역시 남구 대남대로 59,남구,학생
3000013263,Humming Sound 허밍사운드 성인음악학원,예체능,광주광역시 북구 설죽로 333,북구,학생
5993,마로나무피아노교습소,예체능,광주광역시 남구 봉선2로 96-14,남구,학생
3000013496,프로그레스피아노음악교습소,예체능,광주광역시 북구 동운로 130,북구,성인
1500002650,아이리더뮤직하늘소리음악학원,예체능,광주광역시 북구 동림용산로 12-7,북구,성인
3000014608,대로예체능교습소,예체능,광주광역시 북구 북문대로159번길 25,북구,성인
6833,지산한길어학원,영어,광주광역시 서구 상무중앙로 35,서구,성인
5597,말드림언어특수교육학원,기타,광주광역시 서구 상무화원로32번길 23,서구,성인
3754,샬롬음악캠프음악교습소,예체능,광주광역시 남구 진다리로 56,남구,학생
198,어린음악대태봉원음악학원,예체능,광주광역시 북구 비엔날레로 107,북구,성인
3000012903,명지피아노아카데미음악교습소,예체능,광주광역시 북구 매곡로 55,북구,성인
6906,영재음악학원,예체능,광주광역시 북구 임방울대로1042번길 49,북구,성인
3000013719,첨단파인슐레국제어학원,영어,광주광역시 광산구 첨단과기로 79-14,광산구,학생
3000012923,토다예체능교습소,예체능,광주광역시 북구 면앙로 34,북구,성인
7390,1로댕예체능교습소,예체능,광주광역시 서구 화운로193번길 38,서구,성인
3000014882,한예종2호점음악학원,예체능,광주광역시 북구 하서로 376,북구,성인
3000013701,김용표통기타학원,예체능,광주광역시 북구 우치로 19,북구,성인
3000014382,최선영국어입시학원,기타,광주광역시 광산구 임방울대로165번길 69-3,광산구,학생
1000003726,경희음악학원,예체능,광주광역시 광산구 신창로 20,광산구,학생
3036,금호리틀팍스어학원,영어,광주광역시 서구 풍금로177번길 9,서구,성인
6175,우리바둑교습소,기타,광주광역시 광산구 첨단중앙로68번길 99,광산구,학생
994,에이샵음악학원,예체능,광주광역시 남구 화산로31번안길 3,남구,학생
3000011435,푸른잎사귀임업·조경학원,기타,광주광역시 동구 필문대로 143,북구,성인
6143,한돌바둑교습소,기타,광주광역시 북구 서강로54번길 22,북구,성인
3000011926,선운세종(Sejong)음악교습소,예체능,광주광역시 광산구 선운중앙로 43,광산구,학생
3000013031,반세어학원,영어,광주광역시 북구 대자실로 23,북구,성인
3000014404,이든음악학원,예체능,광주광역시 동구 용산1로 12,동구,학생
3000010556,수완꿈나무음악교습소,예체능,광주광역시 광산구 풍영로170번길 39-26,광산구,학생
3679,21세기전산세무회계학원,회계,광주광역시 북구 금남로 118,북구,학생
3000014123,누누파스텔예체능교습소,예체능,광주광역시 광산구 풍영로169번길 16,광산구,학생
3000011790,에이맥스진월예체능학원,예체능,광주광역시 남구 서문대로 643,남구,학생
106,샛별음악학원,예체능,광주광역시 서구 월드컵4강로28번길 36-1,서구,성인
3000013884,대한경매전문학원,기타,광주광역시 서구 내방로251번길 9,서구,성인
3000014824,도담바둑교습소,기타,광주광역시 북구 첨단연신로107번길 16,북구,성인
6459,뮤직엘음악학원,예체능,광주광역시 광산구 목련로 15,광산구,학생
3000012064,노우하우어학원,영어,광주광역시 광산구 송도로212번길 46-17,광산구,학생
3000011750,광주스즈키바이올린전문학원,예체능,광주광역시 남구 효사랑길 12,남구,학생
3000012668,사랑피아노학원,예체능,광주광역시 남구 봉선1로 85,남구,학생
641,리더스킨더외국어학원,영어,광주광역시 서구 풍암순환로109번길 16-2,서구,성인
1000004276,안온유음악학원,예체능,광주광역시 남구 백운로 110,남구,학생
3000013621,그림숲/예체능학원,예체능,광주광역시 광산구 임방울대로 142-11,광산구,학생
3000012107,무빙업(Movin`up)댄스학원,기타,광주광역시 동구 문화전당로 45,동구,학생
1000001377,음악사랑장해경음악학원,예체능,광주광역시 서구 염화로45번길 13,서구,성인
3000010775,키움학원,기타,광주광역시 광산구 첨단과기로 59-14,광산구,학생
37,시사잉글리쉬어학원,영어,광주광역시 광산구 첨단과기로 47,광산구,학생
3000012918,수완겟잇뷰티미용학원,기타,광주광역시 광산구 장신로 85,광산구,학생
3000010439,전하라음악학원,예체능,광주광역시 서구 동천로10번길 9,서구,성인
2000000982,아르떼예체능교습소,예체능,광주광역시 광산구 목련로153번길 124,광산구,학생
3000013265,봉선리더스피앤에이영재학원,기타,광주광역시 남구 봉선로84번길 3,남구,학생
3000012340,봉선지산한길어학원,영어,광주광역시 남구 봉선로 176,남구,학생
3000010379,와이비엠잉글루시사세종어학원,영어,광주광역시 남구 중앙로 66,남구,학생
7260,수완한스외국어학원,영어,광주광역시 광산구 장신로 140,광산구,학생
3000011617,라스또리아커피학원,기타,광주광역시 북구 설죽로 471,북구,성인
3000013303,리브로아르츠예체능아동예체능학원,예체능,광주광역시 광산구 임방울대로 342,광산구,학생
2998,샘`s음악학원,예체능,광주광역시 광산구 첨단중앙로67번길 8-6,광산구,학생
3000012953,발레나인(Ballet9)예체능학원,예체능,광주광역시 북구 설죽로 240,북구,성인
3000015263,위트보컬드럼학원,예체능,광주광역시 광산구 첨단중앙로 102,광산구,학생
4311,안수미어학원,영어,광주광역시 서구 금화로 46,서구,성인
3000014254,스팀융합예체능학원,예체능,광주광역시 남구 효천2로가길 17,남구,학생
3000012135,나선희스피치커뮤니케이션즈학원,기타,광주광역시 동구 서석로 49,동구,학생
3000010466,광주서강컴퓨터학원,기타,광주광역시 서구 하남대로710번길 6,서구,성인
6422,CLA(씨엘에이)실용음악학원,예체능,광주광역시 동구 서남로 32,동구,학생
3000012919,상상스피치학원,기타,광주광역시 서구 풍암중앙로 55,서구,성인
3000012898,에스비에스(SBS)아카데미컴퓨터아트학원,기타,광주광역시 동구 금남로 238,동구,학생
2000003377,뉴이수정피아노교습소,예체능,광주광역시 광산구 목련로219번길 45,광산구,학생
1000001127,어린음악대백일시영원음악학원,예체능,광주광역시 서구 화정로 103,서구,성인
3000011523,아름다운실용음악교습소,예체능,광주광역시 광산구 광산로20번길 28,광산구,학생
3000011224,엘씨아이수완어학원,영어,광주광역시 광산구 상완길 233-17,광산구,학생
1000002681,잉피음악학원,예체능,광주광역시 남구 서문대로749번마길 46,남구,학생
1500002804,유니크어학학원,영어,광주광역시 북구 일곡마을로 45,북구,성인
3000014416,러시아아카데미광주학원,영어,광주광역시 광산구 사암로 359,광산구,학생
3000014377,상상더함예체능교습소,예체능,광주광역시 북구 설죽로 585-1,북구,성인
2500000452,S(에스)클라라피아노교습소,예체능,광주광역시 북구 매곡로 39,북구,학생
3000012583,김성은어학원,영어,광주광역시 서구 월드컵4강로28번길 60,서구,성인
3000012628,조이실용음악학원,예체능,광주광역시 남구 노대실로 48,남구,학생
5921,슈만피아노학원,예체능,광주광역시 서구 풍암순환로 20,서구,성인
3000010292,파파뮤직음악교습소,예체능,광주광역시 서구 화운로175번길 9,서구,성인
3000013228,토브실용음악학원,예체능,광주광역시 남구 봉선로79번길 2,남구,학생
3000012683,꿈땅아트뮤직학원,예체능,광주광역시 서구 화정로244번길 33,서구,성인
3000015224,PLANit플랜잇입시연구소튼튼영어YS와이에스리더스영어학원,기타,광주광역시 남구 효우2로26번길 3,남구,학생
3000013078,행복한소리음악교습소,예체능,광주광역시 동구 남문로 307,동구,학생
3000012347,상상톡톡예체능교습소,예체능,광주광역시 광산구 선운로 34,광산구,학생
473,소리사랑음악학원,예체능,광주광역시 광산구 사암로340번길 43,광산구,학생
3000014420,루체피아노음악교습소,예체능,광주광역시 남구 효천2로가길 19,남구,학생
7106,빛고을귀금속공예학원,기타,광주광역시 동구 충장로 12,동구,학생
3000015247,연주하다음악학원,예체능,광주광역시 북구 양산로71번길 2,북구,성인
472,버들음악학원,예체능,광주광역시 서구 상무버들로 50,서구,성인
3000013918,에듀윌행정고시학원,기타,광주광역시 서구 상무중앙로 96,서구,성인
4288,북광주한국문화센터공예학원,기타,광주광역시 북구 북문대로 43,북구,성인
3000010757,노블리스뮤직아카데미음악학원,예체능,광주광역시 남구 효우로 79,남구,학생
3000014169,이완호어학원,영어,광주광역시 서구 죽봉대로 68,서구,성인
4383,더뮤즈음악학원,예체능,광주광역시 광산구 산월로 64,광산구,학생
2500000364,아르떼피아노음악교습소,예체능,광주광역시 북구 대천로 193,북구,성인
1219,세아피아노교습소,예체능,광주광역시 북구 중흥로 63,북구,성인
4331,JS색소폰전문학원,예체능,광주광역시 서구 내방로 185,서구,성인
3000014861,한국음악교육연구소음악교습소,예체능,광주광역시 서구 상무공원로 92,서구,성인
5879,은하수음악학원,예체능,광주광역시 북구 북문대로8번길 28,북구,성인
3000014571,펠리시티발레학원,예체능,광주광역시 북구 북문대로 249,북구,성인
3968,J예음피아노교습소,예체능,광주광역시 광산구 비아로 185,광산구,학생
3000013321,르네음악교습소,예체능,광주광역시 남구 효우로93번길 11,남구,학생
3000010535,앨리스예체능교습소,예체능,광주광역시 북구 북문대로159번길 24,북구,성인
3000011321,광주sky(스카이)예체능학원,예체능,광주광역시 동구 예술길 20,동구,학생
3000015114,비움아트예체능교습소,예체능,광주광역시 남구 노대실로 36,남구,학생
1729,어린음악대일곡원음악학원,예체능,광주광역시 북구 우치로537번길 10,북구,성인
2000003457,별예체능교습소,예체능,광주광역시 서구 치평로 15-1,서구,성인
1789,다니엘외국어학원,영어,광주광역시 광산구 임방울대로165번길 69-7,광산구,학생
1000002863,풍암예쁜손음악학원,예체능,광주광역시 서구 풍암순환로 42,서구,성인
3000015019,하모니실용음악학원,예체능,광주광역시 남구 독립로 108,남구,학생
1199,상무베스트음악학원,예체능,광주광역시 서구 치평로 26,서구,성인
1000002620,진월뮤즈음악학원,예체능,광주광역시 남구 광복마을4길 16,남구,학생
1000003280,풍암IC어문학원,영어,광주광역시 서구 풍암1로 52,서구,성인
3000011014,봉선예체능로생각하기학원,예체능,광주광역시 남구 봉선로 169,남구,학생
3000012395,한국문화센터공예학원,기타,광주광역시 광산구 신창로 127,광산구,학생
3671,이지음악학원,예체능,광주광역시 광산구 소촌로152번길 11,광산구,학생
2536,선율피아노교습소,예체능,광주광역시 광산구 목련로 307-13,광산구,학생
1000002415,아름다운음악학원,예체능,광주광역시 서구 치평로 15-1,서구,성인
3000014105,새나뮤직센터음악학원,예체능,광주광역시 서구 군분2로33번길 5,서구,성인
4328,에스더원요리학원,기타,광주광역시 서구 운천로 23-1,서구,성인
3062,라스칼라음악학원,예체능,광주광역시 광산구 첨단중앙로68번길 131,광산구,학생
3000010982,지현피아노음악교습소,예체능,광주광역시 광산구 수완로33번길 79,광산구,학생
3000013347,나수경댄스학원,예체능,광주광역시 광산구 첨단중앙로152번길 6-9,광산구,학생
2500000395,J제이피아노음악원음악교습소,예체능,광주광역시 북구 효열로 11,북구,학생
3000013478,로얄베베(ROYAL BEBE)예체능학원,예체능,광주광역시 남구 효우2로26번길 14,남구,학생
3000012774,선운음악학원,예체능,광주광역시 광산구 선운로 55,광산구,학생
6021,수완E.Q피아노학원,예체능,광주광역시 광산구 풍영로330번길 34,광산구,학생
3000010639,스타캐슬연기학원,연극,광주광역시 광산구 장신로 72,광산구,학생
1500002471,어린음악대운암원음악학원,예체능,광주광역시 북구 서강로 160-1,북구,성인
3000014479,새한예체능교습소,예체능,광주광역시 남구 광복마을길 49,남구,학생
3000015028,와이즈아이학원,영어,광주광역시 서구 유림로46번길 15,서구,성인
3856,서울경찰전문학원,입시,광주광역시 북구 호동로 4-1,북구,성인
3000010450,조경선언어특수교육센터학원,기타,광주광역시 서구 하남대로680번길 1,서구,성인
3000012409,푸른펭귄예체능학원,예체능,광주광역시 북구 하백로 9,북구,성인
1000003338,토마스잉글리시어학원,영어,광주광역시 서구 화개1로 45,서구,성인
3000013666,푸로레커피랩학원,기타,광주광역시 동구 백서로 235,동구,학생
1500001050,하나컴퓨터학원,기타,광주광역시 북구 설죽로 506,북구,성인
474,누리음악학원,예체능,광주광역시 서구 내방로251번길 9,서구,성인
3000012966,블랑피아노스튜디오음악교습소,예체능,광주광역시 남구 봉선2로 98,남구,학생
3000015197,그레이스영어학원,기타,광주광역시 서구 풍암신흥로62번길 1,서구,성인
3000014110,마스터만화애니예체능학원,예체능,광주광역시 동구 예술길 10,동구,학생
31,서화예체능학원,예체능,광주광역시 서구 내방로 210,서구,성인
3000014478,아이&학원,기타,광주광역시 남구 봉선로 115,남구,학생
3000010915,예일음악학원,예체능,광주광역시 광산구 풍영로145번길 82,광산구,학생
1500002634,리스트음악학원,예체능,광주광역시 북구 설죽로 560,북구,성인
3000013221,조은진피아노음악학원,예체능,광주광역시 서구 화개중앙로87번길 15,서구,성인
1500000450,국제요리학원,기타,광주광역시 동구 독립로 276,동구,학생
3986,광주한솔건축토목학원,기타,광주광역시 북구 금남로98번길 11,북구,성인
1718,문흥조은음악학원,예체능,광주광역시 북구 면앙로 40,북구,성인
2000003063,신세계피아노교습소,예체능,광주광역시 남구 제석로80번안길 9,남구,학생
3000010084,신미라파인슐레어학원,기타,광주광역시 광산구 여대길 228,광산구,학생
7079,제이콥스피아노아카데미학원,예체능,광주광역시 광산구 임방울대로 374,광산구,학생
3000014177,힐스음악학원,예체능,광주광역시 북구 군왕로 297,북구,성인
1000003080,안단테실용음악학원,예체능,광주광역시 남구 광복마을길 49,남구,학생
1036,한나피아노교습소,예체능,광주광역시 북구 문산로74번길 17,북구,성인
3000011643,김선화피아노학원,예체능,광주광역시 광산구 첨단중앙로 170,광산구,학생
2720,로뎀음악학원,예체능,광주광역시 광산구 장신로265번길 22,광산구,학생
3000011084,이아이이동림2어학원,영어,광주광역시 서구 유림로98번길 19,서구,성인
1231,은주피아노교습소,예체능,광주광역시 북구 서양로153번길 2-9,북구,성인
2729,다솔음악학원,예체능,광주광역시 광산구 남동길 36,광산구,학생
1000001941,임마누엘피아노학원,예체능,광주광역시 남구 광복마을4길 9,남구,학생
7280,엔젤피아노학원,예체능,광주광역시 서구 월드컵4강로28번길 60,서구,성인
3000014450,(LBF)엘비에프교육센터학원,예체능,광주광역시 남구 봉선중앙로47번길 10,남구,학생
3000013696,자아람학원,기타,광주광역시 광산구 장덕로 48,광산구,학생
3000011437,노블음악학원,예체능,광주광역시 광산구 용아로297번길 17,광산구,학생
1500001090,광주중앙컴퓨터학원,기타,광주광역시 북구 서하로 383,북구,성인
511,화랑바둑학원,기타,광주광역시 서구 화개1로79번길 6,서구,성인
3000013647,일곡직업전문학원,기타,광주광역시 북구 설죽로 518,북구,성인
3000012362,아이앤피(INP)디지털콘텐츠예체능학원,예체능,광주광역시 광산구 수완로49번길 6,광산구,학생
2000000941,아트노리예체능교습소,예체능,광주광역시 서구 상무버들로 32,서구,성인
3915,광주청담어학원,영어,광주광역시 서구 상무중앙로 90,서구,성인
6658,기쁜소리피아노교습소,예체능,광주광역시 북구 삼정로 106-2,북구,성인
3000010182,C&C(씨앤씨)예체능학원,예체능,광주광역시 북구 설죽로 319,북구,학생
3000012303,아이비타민예체능학원,예체능,광주광역시 북구 설죽로 517,북구,성인
6085,아이파인외국어학원,기타,광주광역시 광산구 신창로36번길 32,광산구,학생
6125,브람스피아노교습소,예체능,광주광역시 북구 군왕로51번길 64,북구,성인
3000014843,케이탑색소폰학원,예체능,광주광역시 북구 동문대로 189,북구,성인
871,그린예체능교습소,예체능,광주광역시 북구 면앙로121번길 91,북구,성인
5693,E.T영어전문어학원,영어,광주광역시 광산구 월계로 167,광산구,학생
1500002673,김아영음악학원,예체능,광주광역시 북구 오산정길19번길 23,북구,성인
6565,어린음악대산정베스트원음악학원,예체능,광주광역시 광산구 목련로 42,광산구,학생
5268,피아노이야기음악교습소,예체능,광주광역시 북구 삼정로 82,북구,성인
3522,보스턴음악학원,예체능,광주광역시 광산구 신창로131번길 15,광산구,학생
5300,ThinkingArt씽킹아트예체능학원,예체능,광주광역시 서구 풍암순환로188번길 23,서구,성인
3000013650,브레인창의학원,기타,광주광역시 남구 회재로 1140-3,남구,학생
7127,예쁜화음음악교습소,예체능,광주광역시 북구 일곡마을로 234,북구,성인
3000013429,울림피아노교습소,예체능,광주광역시 서구 화운로 24,서구,성인
471,S.클라라음악학원,예체능,광주광역시 광산구 사암로340번안길 6-5,광산구,학생
3000010932,미리클라리넷교습소,예체능,광주광역시 남구 봉선2로 96-14,남구,학생
2000003402,첨단반석피아노교습소,예체능,광주광역시 광산구 첨단중앙로181번길 88-22,광산구,학생
5951,큰별음악학원,예체능,광주광역시 광산구 수등로123번길 22,광산구,학생
2000003256,미솔피아노교습소,예체능,광주광역시 광산구 첨단중앙로181번길 42-25,광산구,학생
3000011918,라인예체능학원,예체능,광주광역시 북구 첨단연신로107번길 5,북구,성인
7421,하엘음악학원,예체능,광주광역시 서구 금화로103번길 21-1,서구,성인
3000013926,ARTTREE(아트트리)아카데미학원,예체능,광주광역시 동구 남문로 760,동구,학생
2000003585,영음피아노교습소,예체능,광주광역시 남구 봉선로51번길 38,남구,학생
636,듀오바이올린음악학원,예체능,광주광역시 서구 화개2로10번길 14,서구,성인
3000013233,바움뮤직슐레음악학원,예체능,광주광역시 서구 화개중앙로87번길 16-4,서구,성인
3000013248,필스윤색소폰전문학원,예체능,광주광역시 북구 서양로 56,북구,성인
3000011258,sky(스카이)예체능학원,예체능,광주광역시 동구 예술길 18-2,동구,학생
4273,광주캘리그라피앤광주피오피예체능교습소,예체능,광주광역시 북구 우치로 60,북구,성인
387,유림음악학원,예체능,광주광역시 북구 문산로 30,북구,성인
3000010370,그림섬예체능교습소,예체능,광주광역시 남구 회재로1186번길 29,남구,학생
3000012719,호반예체능교습소,예체능,광주광역시 북구 첨단연신로133번길 3,북구,성인
1000002005,줄리아드피아노학원,예체능,광주광역시 광산구 소촌로 126,광산구,학생
5261,예닮음악학원,예체능,광주광역시 남구 제중로 29,남구,학생
3000011693,The(더)피아노음악교습소,예체능,광주광역시 북구 첨단연신로133번길 4,북구,학생
3000011356,더원(the1)음악학원,예체능,광주광역시 남구 봉선로 55,남구,학생
3000011827,운암블럭교육학원,기타,광주광역시 북구 황계로 34,북구,성인
3000013220,밀라노뮤직아카데미(Milano Music Academy)음악학원,예체능,광주광역시 남구 효사랑길 12,남구,학생
2000003213,천사글로리아피아노교습소,예체능,광주광역시 서구 천변좌하로584번길 17,서구,성인
5313,선경잉글리쉬칼리지학원,영어,광주광역시 북구 동문대로 164,북구,성인
3465,송정중앙컴퓨터학원,기타,광주광역시 광산구 내상로 17,광산구,학생
1487,아이사랑음악교습소,예체능,광주광역시 남구 화산로31번안길 2,남구,학생
6674,라플루티스트플루트교습소,예체능,광주광역시 남구 효우로 85,남구,학생
1500002630,라엘음악학원,예체능,광주광역시 북구 문산로 61,북구,성인
4674,J(제이)밸리&댄스학원,예체능,광주광역시 북구 송해로 57,북구,학생
3000014121,시온피아노음악교습소,예체능,광주광역시 북구 서방로63번길 66,북구,성인
3000013957,웃음소리가득한상무예체능학원,예체능,광주광역시 서구 치평로 60,서구,성인
2418,피아노피아음악교습소,예체능,광주광역시 남구 큰방림길 1,남구,학생
1500002491,예인피아노플룻학원,예체능,광주광역시 북구 문산로 95,북구,성인
3000011938,엘피아노음악학원,예체능,광주광역시 광산구 도산로 29,광산구,학생
3000013231,한울음악학원,예체능,광주광역시 북구 유림로160번길 6,북구,성인
3000011038,SMART(스마트)러닝센터블럭북부학원,기타,광주광역시 북구 하백로 10,북구,학생
3000011999,휴건축기술학원,기타,광주광역시 북구 연양로 36,북구,성인
3000010308,와이비엠잉글루어학원,영어,광주광역시 남구 진제2길 1,남구,학생
2500000258,모차르트피아노음악교습소,예체능,광주광역시 북구 일곡택지로 50,북구,성인
3000012463,케이(K)댄스학원,예체능,광주광역시 북구 태봉로 56,북구,성인
3000012345,플랜티어학원,영어,광주광역시 동구 서석로85번길 4,동구,학생
3000015033,소리숲음악교습소,예체능,광주광역시 북구 본촌마을길 157-22,북구,성인
118,그림그리기교습소,예체능,광주광역시 서구 화운로193번길 23,서구,성인
1000003277,김미경음악학원,예체능,광주광역시 서구 천변좌하로644번길 21-1,서구,성인
1000003448,어린음악대도산대주원음악학원,예체능,광주광역시 광산구 송도로182번길 55,광산구,학생
3000014277,애니스타만화학원,예체능,광주광역시 광산구 장신로 164,광산구,학생
3000013383,리틀아트예체능학원,예체능,광주광역시 서구 풍암중앙로 55,서구,성인
3000010488,어린음악대동천원학원,예체능,광주광역시 서구 하남대로710번길 16,서구,성인
78,그랑프리음악학원,예체능,광주광역시 서구 풍암신흥로 33-1,서구,성인
2000003984,전원피아노과외교습소,예체능,광주광역시 남구 봉주5길 29-1,남구,학생
5177,영생음악학원,예체능,광주광역시 동구 산수길 42,동구,학생
3000013845,아델피아노교습소,예체능,광주광역시 북구 군왕로 335,북구,성인
